date,inflation_yoy,inflation_impulse,unemployment_rate,credit_spread_level,credit_spread_3m_change,real_fed_funds,yield_curve_slope,vix_1m_change,vix_term_structure,equity_momentum_3m,equity_vol_3m,equity_drawdown_from_high,equity_intramonth_dd
1994-03-31,,,6.5,,,,1.4800000000000004,,1.0,,,,-3.495079549604352
1994-04-30,,,6.5,,,,1.5599999999999996,5.580000877380371,1.0,,,,-5.343352799725176
1994-05-31,,,6.4,,,,1.3299999999999992,-6.680000305175781,1.0,,,,-1.630807205590179
1994-06-30,,,6.0,,,,1.1600000000000001,-0.7400007247924805,1.0,-1.5716133111056907,11.12547543682008,,-2.3759966673893684
1994-07-31,,,6.0,,,,1.1499999999999995,1.9400005340576172,1.0,0.37896865697590876,7.343709880070779,,-4.679561181941915
1994-08-31,,,6.1,,,,1.13,-3.8400001525878906,1.0,2.474829400012357,9.828030173873941,,-0.6528893243214706
1994-09-30,,,6.1,,,,1.0200000000000005,0.8400001525878906,1.0,4.7122407676055245,11.670707717175386,,-0.9131132709385814
1994-10-31,,,5.9,,,,1.0,2.309999465942383,1.0,4.461442897241397,12.137086810934756,,-3.054538627090131
1994-11-30,,,5.8,,,,0.9699999999999998,0.2800006866455078,1.0,4.06684312182144,11.825379985870624,,-1.8923913892287316
1994-12-31,,,5.6,,,,0.5099999999999998,1.3899993896484375,1.0,-3.745951762048827,12.450356942480624,,-4.159764812674371
1995-01-31,,,5.4,,,,0.14999999999999947,-2.75,1.0,-0.5329887737720473,12.101459948780088,,-1.6774438330400487
1995-02-28,,,5.7,,,,0.33999999999999986,-1.239999771118164,1.0,-0.03184657933130719,12.88585253029845,-0.03184657933130719,-1.0299297149373166
1995-03-31,2.9311520109066125,0.036606268548111665,5.4,,,2.9888479890933874,0.4299999999999997,-0.21000003814697266,1.0,8.362331839609883,6.1137558222362305,0.0,-0.7972619520059232
1995-04-30,2.785326086956541,0.1764395436444799,5.5,,,3.1946739130434594,0.40000000000000036,1.619999885559082,1.0,10.574689644344094,2.249658700934407,0.0,-0.7682134487791314
1995-05-31,3.0529172320217013,0.4449041393409514,5.8,,,2.9970827679782985,0.47000000000000064,-1.619999885559082,1.0,10.148363515510894,2.434355962927099,0.0,-1.009495094038937
1995-06-30,3.114421123899813,0.37401501459217723,5.7,,,2.8955788761001866,0.41000000000000014,1.1000003814697283,1.0,10.028098555131116,2.2090809648038485,0.0,-1.826731562267636
1995-07-31,2.9709655638082477,0.23948230899824008,5.6,,,3.0290344361917523,0.41999999999999993,-1.4700002670288104,1.0,9.212600772525082,3.368341124385152,0.0,-1.5873132157389946
1995-08-31,2.826379542395707,-0.4352529467952948,5.7,,,3.0236204576042924,0.5700000000000003,2.109999656677246,1.0,9.482358332962427,3.396692079943622,0.0,-1.940741423899184
1995-09-30,2.6156941649899457,-0.7645036048071541,5.6,,,3.1243058350100545,0.4300000000000006,-1.9699993133544922,1.0,5.773385033939826,4.815548457297179,0.0,-0.8076048049752038
1995-10-31,2.5435073627844584,-0.6947612964779415,5.6,,,3.2564926372155414,0.33999999999999986,1.2199993133544922,1.0,8.06947547044623,6.797954415209093,0.0,-1.0632556952214212
1995-11-30,2.809364548494986,-0.4324461189069817,5.5,,,2.950635451505014,0.41999999999999993,1.0900001525878924,1.0,4.393991114934148,8.421834750284413,-0.29386985510344577,-2.4287514677934885
1995-12-31,2.535023348899257,-0.6923603663839817,5.6,,,3.264976651100743,0.39999999999999947,-2.25,1.0,8.554180096036724,9.280532337404791,0.0,-0.8132217028521516
1996-01-31,2.5299600532623145,-0.42476903008528133,5.6,,,3.070039946737685,0.40000000000000036,0.9400005340576154,1.0,5.779510645262964,8.274715839591149,0.0,-2.5951409246884327
1996-02-29,2.722443559096943,-0.09446263378898312,5.8,,,2.8375564409030565,0.6699999999999999,0.009999275207519531,1.0,9.865850512285324,5.097962888134029,0.0,-3.761375958099833
1996-03-31,2.6490066225165476,0.7773729871774826,5.5,,,2.570993377483452,0.6899999999999995,4.510001182556152,1.0,5.522717778641306,5.657124596995373,0.0,-3.6983833261315713
1996-04-30,2.8420356906807553,1.3790246312413323,5.6,,,2.4679643093192443,0.5499999999999998,1.8399982452392578,1.0,5.676950562544514,5.626504470478482,0.0,-3.605263476863152
1996-05-31,2.8308097432521384,1.10443986182438,5.4,,,2.3891902567478613,0.6299999999999999,-3.049999237060545,1.0,3.1554649425932446,2.4332391679370557,0.0,-4.027655702172305
1996-06-30,2.8890347997373444,1.5707659692067333,5.6,,,2.3509652002626558,0.5800000000000001,0.2399997711181623,1.0,5.16155788896846,2.0509177702596757,0.0,-2.360478430939039
1996-07-31,2.8196721311475548,0.3010303293486505,5.3,,,2.450327868852445,0.6200000000000001,-2.3899993896484393,1.0,4.293689780301402,2.5950448934146464,0.0,-2.614690851767376
1996-08-31,2.8795811518324443,-0.2940648270967072,5.4,,,2.520418848167556,0.5800000000000001,5.779998779296877,1.0,-1.4638788991894192,12.375130554136577,-4.493610630903699,-7.433073640546183
1996-09-30,2.8758169934640643,-1.076954260370866,5.1,,,2.3441830065359355,0.6200000000000001,-2.4499988555908203,1.0,-1.7954094276034227,11.933074983203277,-2.654276602701555,-2.81264757909101
1996-10-31,3.0026109660574507,-0.4270827401992028,5.2,,,2.297389033942549,0.6200000000000001,-0.05999946594238281,1.0,2.7846666544404153,17.677050408208604,0.0,-1.210801793800531
1996-11-30,2.9928432010410067,-0.16434509271963105,5.2,,,2.2471567989589936,0.6000000000000005,1.1599998474121058,1.0,11.100238684855391,6.427502437648725,0.0,-1.930668364675403
1996-12-31,3.2530904359141077,0.09174901987518691,5.4,,,2.056909564085892,0.46999999999999975,-0.9700012207031214,1.0,16.958521459072884,7.073814842338752,0.0,-0.5130832691684128
1997-01-31,3.31168831168831,0.024567836484634675,5.3,3.13,,1.97831168831169,0.5499999999999998,3.780000686645508,1.0,8.13355111676568,16.837540355928184,-2.3797195577622166,-4.828467296691519
1997-02-28,3.0381383322559907,-0.22949959857694324,5.4,3.04,,2.2118616677440093,0.5899999999999999,-1.4500007629394567,1.0,11.21882831680412,18.341630351260203,0.0,-2.933056623281116
1997-03-31,3.0967741935483906,-0.29528808891405856,5.3,2.73,,2.09322580645161,0.46999999999999975,1.630001068115238,1.0,4.643287855988132,14.942894251411518,0.0,-3.3206423484819614
1997-04-30,2.7634961439588768,-0.736961402897629,5.2,2.84,-0.29000000000000004,2.626503856041123,0.46999999999999975,1.0399990081787145,1.0,2.464550341178673,18.344424269688005,-4.412233745374817,-7.374223708571648
1997-05-31,2.432778489116516,-0.9186098240515861,4.9,2.94,-0.10000000000000009,3.0772215108834837,0.4299999999999997,-2.0799999237060582,1.0,2.543475521454619,18.485609156789494,0.0,-4.319488742431599
1997-06-30,2.169751116783658,-1.4166951372269088,4.8,2.68,-0.04999999999999982,3.330248883216342,0.4500000000000002,-0.8699989318847656,1.0,7.991983499305588,21.40580584200997,0.0,-2.248871875433267
1997-07-31,2.2321428571428603,-1.2277565087259301,5.0,2.67,-0.16999999999999993,3.3278571428571393,0.4299999999999997,2.3400001525878906,1.0,17.62037432518362,4.36190122772869,0.0,-2.75702792322966
1997-08-31,2.1628498727735312,-0.6543912592481771,4.8,2.71,-0.22999999999999998,3.3571501272264683,0.27999999999999936,-0.05000114440917969,1.0,19.464449321205723,6.637341314881357,0.0,-2.616743302725688
1997-09-30,2.223634053367207,-0.20985203633061555,4.9,2.59,-0.0900000000000003,3.316365946632793,0.3700000000000001,3.2800006866455114,1.0,6.5417348433570055,23.35195622797125,-5.180218048162,-6.508265062609919
1997-10-31,2.217997465145749,0.30077092385492055,4.9,2.59,-0.08000000000000007,3.322002534854251,0.3200000000000003,-1.8500003814697301,1.0,7.256789453657153,23.718498319697083,-0.6203796880124735,-2.570991099233755
1997-11-30,2.0846493998736504,0.4293700437578041,4.7,2.99,0.28000000000000025,3.4153506001263496,0.20999999999999996,12.180000305175781,1.0,-3.0554874533901932,17.88478751047687,-3.0554874533901932,-11.203103677963655
1997-12-31,1.953371140516702,0.3028860934032984,4.6,2.9,0.31000000000000005,3.5666288594832976,0.10000000000000053,-7.659999847412109,1.0,6.197138655982948,13.676308731832373,0.0,-4.042448819888811
1998-01-31,1.7598994343180463,-0.26366605825800526,4.7,2.96,0.3700000000000001,3.7401005656819537,0.08999999999999986,-3.4200000762939418,1.0,3.2569527738177007,11.205396446397629,0.0,-5.214963915961235
1998-02-28,1.5683814303638632,-0.8237368005979073,4.7,3.0,0.009999999999999787,3.9916185696361364,0.20999999999999996,-2.540000915527351,1.0,7.213771371828437,4.669151112026433,0.0,-5.592930761157334
1998-03-31,1.3767209011263937,-0.8813658112302392,4.6,2.87,-0.029999999999999805,4.133279098873606,0.07000000000000028,-2.9200000762939418,1.0,10.372165851258996,10.717817487472528,0.0,-0.7807539838419641
1998-04-30,1.31332082551594,-1.0660257348656055,4.7,2.83,-0.1299999999999999,4.17667917448406,0.07000000000000028,5.670000076293942,1.0,13.590141406750122,9.892215624683471,0.0,-1.5699141365640212
1998-05-31,1.5000000000000124,-0.25893510276340237,4.3,2.98,-0.020000000000000018,3.9499999999999877,0.08999999999999986,-3.0399990081787074,1.0,13.580367769164713,9.908484964401028,0.0,-4.0066743554774025
1998-06-30,1.7489069331667828,0.4919024899394442,4.3,3.18,0.31000000000000005,3.7410930668332174,0.02999999999999936,0.1399993896484375,1.0,4.01377873521922,12.049352651938614,-2.0769049347162394,-3.164036897521372
1998-07-31,1.6843418590143378,0.807750541008434,4.5,3.37,0.54,3.875658140985662,-0.04999999999999982,-1.6100006103515625,1.0,3.3978886463143176,10.977776514674352,0.0,-4.177117276754694
1998-08-31,1.6811955168119619,0.5540488341718719,4.5,3.38,0.3999999999999999,3.858804483188038,0.009999999999999787,5.090000152587891,1.0,0.7124233909340028,12.008914617650483,-1.3513439815815653,-5.719533000465127
1998-09-30,1.678060907395884,0.051895900600862355,4.5,5.2,2.02,3.8719390926041157,0.13999999999999968,19.479999542236335,1.0,-11.671610099864438,32.62195741778714,-15.278512502882247,-13.756290676003749
1998-10-31,1.4259144451332917,0.054627936933626664,4.6,5.95,2.58,4.084085554866708,0.14000000000000057,-3.329998016357429,1.0,-9.886945166807992,35.83338889908272,-9.886945166807992,-4.906558837131625
1998-11-30,1.4851485148514865,0.24054357267093707,4.6,6.52,3.1399999999999997,3.584851485148514,0.5199999999999996,-12.900001525878906,1.0,-1.2459875333800996,42.81458727200169,-2.5804939374180713,-4.09555174670051
1998-12-31,1.5451174289246028,0.17738989138806893,4.4,5.44,0.2400000000000002,3.2848825710753973,0.20000000000000018,-2.0399990081787074,1.0,21.39066916573098,4.500384083902606,0.0,-2.824284643039854
1999-01-31,1.6059295861643008,0.6127841667210809,4.3,5.66,-0.29000000000000004,3.074070413835699,0.11000000000000032,-1.5900001525878942,1.0,21.594267461841167,4.4389095550973225,0.0,-4.361613781048989
1999-02-28,1.6676961087090714,-0.19623093503549072,4.3,5.6,-0.9199999999999999,2.9623038912909285,0.08000000000000007,1.8299999237060547,1.0,16.43671400745732,5.338892112110061,0.0,-5.112554411211645
1999-03-31,1.6666666666666607,-0.6892762470894986,4.4,5.21,-0.23000000000000043,3.093333333333339,0.16000000000000014,1.6299991607666016,1.0,6.758251291660544,17.28873223921066,-3.206885284805716,-4.611227828263864
1999-04-30,1.85185185185186,-0.6304919537601927,4.2,5.19,-0.46999999999999975,2.9581481481481395,0.2599999999999998,-4.619998931884762,1.0,4.3579739423829755,14.124636056418307,0.0,-4.352723177316486
1999-05-31,2.3399014778324956,1.605373935467025,4.3,4.76,-0.8399999999999999,2.4000985221675046,0.28000000000000025,1.8099994659423793,1.0,4.635072635846882,14.370816325613657,0.0,-4.997730378690335
1999-06-30,2.025782688766098,1.6672750052899588,4.2,4.75,-0.45999999999999996,2.7142173112339023,0.21999999999999975,0.3199996948242223,1.0,5.629921181620046,12.532111040860938,-2.2865964467562505,-6.393592525552272
1999-07-31,1.9631901840490684,0.9777904112653779,4.3,4.87,-0.3200000000000003,2.7968098159509314,0.27999999999999936,-4.29999923706055,1.0,7.040676545643776,14.23134022284889,0.0,-2.807631815029199
1999-08-31,2.0820575627678917,-0.8732468614459643,4.3,4.66,-0.09999999999999964,2.9079424372321085,0.29000000000000004,3.5499992370605504,1.0,-0.07452866592125851,16.524843414947217,-3.102169844460645,-6.390462399878782
1999-09-30,2.2004889975550057,0.22805860211807527,4.2,4.9,0.15000000000000036,2.8695110024449946,0.25,-0.18999862670898793,1.0,1.7342402795550216,15.362203013668573,-3.6039732212317377,-4.561890090123311
1999-10-31,2.6283618581907087,1.5262984304988736,4.2,5.07,0.20000000000000018,2.591638141809291,0.27000000000000046,0.9599990844726562,1.0,-5.757171401262163,4.555640667164037,-5.757171401262163,-6.471394220840676
1999-11-30,2.5609756097561,1.0871771807309027,4.1,5.13,0.46999999999999975,2.6390243902439003,0.22999999999999954,-3.2099990844726562,1.0,3.492180011254775,15.84822019960681,0.0,-6.722678912100721
1999-12-31,2.495435179549599,0.4064322438119161,4.1,4.91,0.009999999999999787,2.924564820450401,0.16999999999999993,1.9799995422363281,1.0,5.76323218607826,14.991196198423356,0.0,-2.344405388472248
2000-01-31,2.6139817629179385,-0.4525467545072326,4.1,4.76,-0.3100000000000005,2.6860182370820613,0.20999999999999996,0.4599990844726598,1.0,14.35767864207589,8.870782149771356,0.0,-2.1725123399442325
2000-02-29,2.733900364520059,-0.576351385772278,4.0,4.87,-0.2599999999999998,2.7160996354799414,0.0699999999999994,0.3100013732910121,1.0,2.1204913921073265,18.696401995231845,-4.978728045170477,-7.568025342218931
2000-03-31,3.2179720704310855,0.6370104225420947,4.1,5.08,0.16999999999999993,2.512027929568915,-0.11000000000000032,-1.5799999237060547,1.0,-1.0815923887334433,18.89639468850289,-6.425541791352196,-7.61156984872795
2000-04-30,3.7575757575757596,2.052072874996158,4.1,5.75,0.9900000000000002,2.09242424242424,-0.46999999999999975,0.7399997711181605,1.0,2.6431746473257522,26.567419459034163,0.0,-3.188658645926301
2000-05-31,3.0084235860409203,2.0523540367813675,3.9,5.88,1.0099999999999998,3.0115764139590793,-0.4499999999999993,2.090000152587894,1.0,4.227511736247624,24.659480111154235,-3.5120379714092986,-10.19398992470808
2000-06-30,3.0685920577617543,0.025497191181678147,4.1,6.16,1.08,3.2014079422382453,-0.40000000000000036,-2.550001144409176,1.0,4.174964668142089,24.696796633387184,-5.029088283558847,-6.268611548039294
2000-07-31,3.6702767749699383,-1.075306867376824,4.0,6.17,0.41999999999999993,2.859723225030062,-0.34999999999999964,-4.109998703002933,1.0,-3.159880394024006,9.626053224711844,-3.159880394024006,-2.8836268640023643
2000-08-31,3.5992801439711952,-0.0482773685305915,4.0,6.26,0.3799999999999999,2.940719856028805,-0.2599999999999998,1.1999988555908203,1.0,-1.2109918486598148,7.0788861944368024,-4.68049932651351,-6.053721689260716
2000-09-30,3.229665071770338,-0.15932388720103496,4.1,6.43,0.2699999999999996,3.270334928229662,-0.4499999999999993,-3.8999996185302734,1.0,6.925108202562602,14.074635407685124,0.0,-1.3241502607173603
2000-10-31,3.394877903513982,-0.34255786935522003,3.9,6.77,0.5999999999999996,3.1251220964860176,-0.1800000000000006,3.729999542236328,1.0,-0.8916191081296709,21.2367867344147,-5.486163417988177,-6.38427904341331
2000-11-30,3.388822829964333,-0.5803334818759609,3.9,7.79,1.5300000000000002,3.1211771700356667,-0.17000000000000082,3.059999465942383,1.0,0.2183941413375745,20.913943761195107,-5.928321630475253,-7.672295167340515
2000-12-31,3.444180522565321,0.3156938299823109,4.0,9.06,2.630000000000001,3.0658194774346788,-0.1299999999999999,6.020000457763675,1.0,-12.951043936190176,12.495213750954067,-12.951043936190176,-8.096068245619637
2001-01-31,3.376777251184837,-1.2868623460131179,4.0,9.16,2.3900000000000006,3.0232227488151633,0.009999999999999787,-2.7999992370605504,1.0,-8.37958371924865,13.940399460294216,-13.406029480651716,-8.647620733815886
2001-02-28,3.903015966883494,0.3020224333323718,4.2,7.87,0.08000000000000007,2.0769840331165064,0.5700000000000003,-4.829999923706055,1.0,-3.856415487288245,20.72506996337276,-9.556116404269588,-4.305506173054918
2001-03-31,3.6470588235294032,1.025059557097019,4.2,7.7,-1.3600000000000003,1.842941176470597,0.5099999999999998,6.329999923706055,1.0,-6.010771600156739,24.558071842598807,-18.18335786550658,-10.135600991236284
2001-04-30,2.9789719626168276,1.2113845354733144,4.3,8.18,-0.9800000000000004,2.331028037383172,0.75,0.2899990081787145,1.0,-10.811450589023675,24.982071177643675,-22.768093816424773,-12.351187564009736
2001-05-31,3.2710280373831946,-0.7431434813630844,4.5,8.06,0.1900000000000004,1.5289719626168052,1.0499999999999998,-3.159999847412113,1.0,-7.312068375594594,32.94315105493653,-16.169435014332578,-3.336191569707037
2001-06-30,3.6193812025685945,-0.6353676823829479,4.4,7.68,-0.020000000000000462,0.5906187974314054,1.21,-2.840000152587887,1.0,1.8871561376496482,24.838696528436184,-16.639350081846626,-4.823349983730763
2001-07-31,3.2501450957632017,0.4297485758880226,4.5,8.16,-0.019999999999999574,0.7198549042367985,1.17,-3.5799999237060582,1.0,5.363518644076848,20.278511023581324,-18.62574612909278,-5.586275630133242
2001-08-31,2.7214823393167498,-1.3570904508932946,4.5,8.27,0.20999999999999908,1.0485176606832503,1.2800000000000002,2.5600013732910156,1.0,-3.9198614102568086,3.2833318460081493,-19.45547698120601,-5.099449603330031
2001-09-30,2.8389339513325673,-2.8389339513325673,4.9,8.05,0.370000000000001,0.8110660486674326,1.2099999999999995,3.299999237060547,1.0,-9.111016033335762,8.787066300571267,-19.836448843261234,-7.576844153931317
2001-10-31,2.6497695852534475,-1.9735251630579542,4.9,10.18,2.0199999999999996,0.4202304147465523,1.7399999999999998,7.010000228881836,1.0,-14.492794030153966,12.660465797889058,-26.034219788765554,-14.12046040042534
2001-11-30,2.127659574468077,-1.6759381021104414,5.4,9.61,1.3399999999999999,0.36234042553192314,1.8599999999999999,1.6300010681152344,1.0,-12.486982139308001,17.141473979908604,-22.06555046849642,-4.314000917283689
2001-12-31,1.9517795637198576,-1.7262369411025436,5.7,8.39,0.33999999999999986,0.13822043628014224,1.9400000000000004,-9.720001220703125,1.0,0.2872911540206857,27.803939360634157,-15.988441980233592,-2.234101293884394
2002-01-31,1.6045845272206316,-3.6095334521073497,5.8,8.24,-1.9399999999999995,0.21541547277936846,2.0000000000000004,-0.04000091552734375,1.0,9.817257189906758,13.788754148445282,-15.51470490851845,-4.5485566985110415
2002-02-28,1.081388730791133,-1.081388730791133,5.6,7.89,-1.7199999999999998,0.648611269208867,1.9100000000000001,-2.7099990844726562,1.0,7.343393907609119,16.233090718176616,-9.742852511447019,-6.240444834626658
2002-03-31,1.0215664018161208,-0.11761734427122583,5.5,8.19,-0.20000000000000107,0.7184335981838792,1.8199999999999998,0.5,1.0,-2.207545182237036,4.148102379911004,-11.361745290531156,-4.11008268220121
2002-04-30,1.3045944412932498,1.6607023845490287,5.7,7.08,-1.1600000000000001,0.42540555870675023,1.6999999999999997,-4.190000534057617,1.0,0.4794760676712695,9.532401316852814,-8.41269151830507,-3.2694586045012186
2002-05-31,1.527149321266963,2.82129190443412,6.0,6.88,-1.0099999999999998,0.2228506787330371,1.87,4.510000228881836,1.0,-4.427538748132731,15.873599289069592,-13.252758090799354,-6.729476991321626
2002-06-30,1.1267605633802802,2.286874086530033,5.8,7.28,-0.9099999999999993,0.6232394366197198,1.8599999999999999,-1.9300003051757812,1.0,-3.2594457308851466,15.88894264260392,-11.662492507033328,-3.73692448695806
2002-07-31,1.0118043844856484,1.474655111764056,5.9,8.75,1.67,0.7381956155143516,1.9600000000000004,5.420000076293949,1.0,-13.28468429336801,12.31175845911167,-17.339603311534958,-7.2990827571131955
2002-08-31,1.4092446448703555,-0.514895820828376,5.9,9.71,2.830000000000001,0.3207553551296445,2.28,6.629999160766598,1.0,-15.18719498395572,14.102717757299759,-20.119549636134415,-19.49451771453362
2002-09-30,1.6901408450704203,0.5569624988171373,5.7,9.61,2.329999999999999,0.04985915492957971,1.9999999999999996,0.6100006103515625,1.0,-14.100690604991161,16.64554662090005,-19.576282621799447,-5.643149509545131
2002-10-31,1.4590347923681302,1.0120647013334594,5.6,10.33,1.58,0.29096520763186984,1.91,7.04999923706054,1.0,-16.97992900109927,20.23611079868533,-28.00888333343321,-10.407183818573774
2002-11-30,2.083333333333348,1.0660326765427497,5.7,10.59,0.879999999999999,-0.33333333333334814,2.25,-8.549999237060536,1.0,-2.4607217800758696,32.61408194356786,-22.085185276260745,-8.88942675551736
2002-12-31,2.195945945945943,0.03860471391166076,6.0,8.83,-0.7799999999999994,-0.8559459459459429,2.1399999999999997,-3.639999389648441,1.0,2.8560732458370097,35.54647914275258,-17.279322346453107,-5.137538620817472
2003-01-31,2.425267907501394,-0.6435745119855119,6.0,8.9,-1.4299999999999997,-1.1852679075013939,2.2199999999999998,1.1200008392333984,1.0,8.403926194726585,25.95687018764665,-21.958803022015438,-6.714701594902028
2003-02-28,2.5900900900900803,-0.5895963105638558,5.7,8.29,-2.3000000000000007,-1.3500900900900803,2.2800000000000002,2.549999237060547,1.0,-2.3013328527631938,21.18924025623901,-23.878264504667733,-9.536005911481348
2003-03-31,2.977528089887649,1.0488175531464305,5.8,8.38,-0.4499999999999993,-1.7175280898876488,2.1799999999999997,-1.5400009155273438,1.0,-9.217683285241328,7.749593679230195,-24.904252423962458,-4.789525466953181
2003-04-30,2.9675251959686566,2.195613655906814,5.8,7.72,-1.1800000000000006,-1.7175251959686566,2.3200000000000003,-0.4799995422363246,1.0,-3.5683660398965977,4.652422163678238,-20.096763729513523,-5.497992248982797
2003-05-31,2.116991643454047,0.3198947130192975,6.0,6.44,-1.8499999999999988,-0.856991643454047,2.38,-7.940000534057621,1.0,7.228253931778883,18.25782329774143,-12.818679220713292,-2.1154639825829102
2003-06-30,2.116991643454047,-2.116991643454047,6.1,6.79,-1.5900000000000007,-0.856991643454047,2.04,-1.7399997711181676,1.0,14.653564380989925,14.467434912999492,-0.7096375157486068,-2.786231811595019
2003-07-31,2.17028380634392,-2.8212173646268823,6.4,6.13,-1.5899999999999999,-0.9502838063439201,2.2199999999999998,0.05000114440918324,1.0,15.627472757323435,12.891073620334732,0.0,-3.716038368083852
2003-08-31,2.2234574763757564,-0.9076856831958358,6.2,5.67,-0.7700000000000005,-1.2134574763757564,2.6900000000000004,-0.030000686645507812,1.0,8.52907073888234,8.199417498244728,0.0,-2.8374348172740538
2003-09-30,2.216066481994461,0.4284190066351057,6.1,5.46,-1.33,-1.1860664819944609,2.5,-0.8600006103515625,1.0,5.0092415951884295,1.7923420174661506,0.0,-2.1216007723299013
2003-10-31,2.3230088495575174,0.7621646357675926,6.1,5.51,-0.6200000000000001,-1.3130088495575174,2.46,4.090000152587887,1.0,2.7693026321976344,6.063273916334145,-1.0906238143778557,-4.0786858517207865
2003-11-30,2.0408163265306145,0.37334117096423647,6.0,4.73,-0.9399999999999995,-1.0308163265306145,2.48,-6.619998931884762,1.0,6.352987692795753,11.161061294723748,0.0,-1.954314498370957
2003-12-31,1.7079889807162463,-1.4910104870707652,5.9,4.48,-0.9799999999999995,-0.7079889807162463,2.28,0.2199993133544922,1.0,5.3416534486462774,11.3520442809514,0.0,-2.4624182800819794
2004-01-31,1.8722466960352513,-1.8722466960352513,5.7,4.18,-1.33,-0.8922466960352513,2.4299999999999997,1.989999771118164,1.0,11.8617235818798,8.218896287800263,0.0,-0.8084615758593539
2004-02-29,1.975850713501659,-0.23486873471969538,5.6,4.05,-0.6800000000000006,-0.975850713501659,2.3200000000000003,-1.6800003051757812,1.0,8.277448076911487,7.159628637358474,0.0,-2.1576068551734884
2004-03-31,1.6366612111292866,2.0981767339886437,5.6,4.34,-0.14000000000000057,-0.6266612111292866,2.33,-2.0799989700317383,1.0,8.561341906167108,6.813698323747294,0.0,-1.53223972112998
2004-04-30,1.7944535073409318,3.0478281916678007,5.7,4.41,0.23000000000000043,-0.7944535073409318,2.26,2.189999580383301,1.0,1.9918292930811932,6.07882377979957,-1.3245723998619008,-5.616293626429892
2004-05-31,2.345881069285305,1.5859305666828138,5.6,3.91,-0.13999999999999968,-1.345881069285305,2.22,0.4500007629394531,1.0,-1.87785928477735,6.0117360454031825,-3.191618522669193,-3.739049320881027
2004-06-30,3.000545553737033,2.476156024152454,5.6,4.28,-0.05999999999999961,-2.000545553737033,2.12,-1.6900005340576172,1.0,-1.5339494499268302,6.713674763795989,-1.5339494499268302,-3.502362694111083
2004-07-31,3.1590413943355156,1.625332092796894,5.6,4.1,-0.3100000000000005,-2.1290413943355153,1.92,-1.1599998474121094,1.0,1.63401588556511,7.350542529168723,0.0,-1.4277828123604008
2004-08-31,2.9363784665579207,0.7379234327420825,5.5,4.02,0.10999999999999943,-1.6763784665579207,1.8199999999999998,0.9799995422363299,1.0,0.2564846287795852,10.008990008736179,-3.221847198505079,-3.709915603820435
2004-09-30,2.655826558265595,-1.3785675879541381,5.4,4.06,-0.22000000000000064,-1.225826558265595,1.7199999999999998,-0.029999732971193183,1.0,-1.1912259618068077,8.979438379368707,-2.9861083571656177,-3.799437270334738
2004-10-31,2.540540540540537,-1.905453887620201,5.4,3.83,-0.2699999999999996,-0.9305405405405367,1.5099999999999998,-1.9499998092651367,1.0,-2.0123840860190145,7.802847102431608,-2.0123840860190145,-2.1546867579596896
2004-11-30,3.189189189189201,0.2347934971397736,5.5,3.63,-0.3899999999999997,-1.429189189189201,1.4899999999999998,2.9300003051757812,1.0,2.5543002306862794,1.8711728391687685,-0.7498426182425688,-4.202978431847049
2004-12-31,3.5752979414951147,0.280716718639229,5.4,3.17,-0.8899999999999997,-1.6452979414951148,1.3400000000000003,-3.030000686645508,1.0,6.859453534087545,6.629684057885517,0.0,-1.1117059345566949
2005-01-31,3.297297297297286,-0.3124274030382068,5.4,3.1,-0.73,-1.1372972972972857,1.1600000000000001,0.05000019073486328,1.0,8.984312915586635,5.486297099409499,0.0,-1.0307682724599476
2005-02-28,2.9601722282023735,-2.1193991327174144,5.2,3.29,-0.33999999999999986,-0.6801722282023737,0.8499999999999996,-0.4700002670288068,1.0,5.185490677453153,12.2054729571649,-2.2421009191269214,-3.117221430173145
2005-03-31,3.059581320450877,-1.3754078047414797,5.4,2.83,-0.33999999999999986,-0.559581320450877,0.7700000000000005,-0.7399997711181641,1.0,2.8075748042969195,9.718743108341679,-0.19855992967128255,-2.15331979322696
2005-04-30,3.205128205128216,1.2634634722334281,5.2,3.52,0.41999999999999993,-0.575128205128216,0.7000000000000002,1.9400005340576154,1.0,-2.024208431104113,8.283121182535242,-2.024208431104113,-4.725347858056972
2005-05-31,3.518123667377404,2.6849343869933984,5.2,4.19,0.9000000000000004,-0.7281236673774041,0.5499999999999998,1.2899999618530273,1.0,-1.6547759599975898,7.883962815612633,-3.859775132115928,-4.56226233359348
2005-06-30,2.8072033898304927,1.6400987614918927,5.1,4.13,1.2999999999999998,0.19279661016950733,0.3999999999999999,-2.020000457763672,1.0,-0.5642838378181803,10.147920409555582,-0.761723325897945,-1.7823838603497233
2005-07-31,2.48152059134108,-0.6051057401663007,5.0,3.85,0.33000000000000007,0.5584794086589202,0.2799999999999998,-1.25,1.0,1.4420054695281515,8.888153258043005,-0.61139215786713,-2.130499649311268
2005-08-31,3.063919704173257,-1.1972342480759623,5.0,3.3,-0.8900000000000006,0.1960802958267429,0.2600000000000007,-0.4700002670288068,1.0,7.334244112937571,6.826200245616931,0.0,-0.8382400598742845
2005-09-30,3.5374868004223847,0.6482417756723091,4.9,3.66,-0.46999999999999975,-0.037486800422384725,0.17999999999999972,1.0300006866455078,1.0,3.008640816424779,8.646539731293386,-0.9374655562942702,-3.1751261852079997
2005-10-31,4.638903531892469,4.741596103808488,5.1,3.54,-0.31000000000000005,-1.0189035318924686,0.16000000000000014,-0.6800003051757848,1.0,3.6783299211877063,8.350090999827122,-0.1423906750563919,-2.5483957141221647
2005-11-30,4.190675746464123,3.830787258971501,5.0,3.61,0.31000000000000005,-0.4106757464641233,0.16999999999999993,3.399999618530277,1.0,-2.504169864082373,5.495582374915236,-2.504169864082373,-4.2169614076614685
2005-12-31,3.451882845188292,0.06108830063769055,5.0,3.67,0.009999999999999787,0.5481171548117079,0.07000000000000028,-3.2599992752075213,1.0,2.744186946514948,11.717021548141524,0.0,-1.352949135716608
2006-01-31,3.4536891679748827,-5.056060370089033,4.9,3.71,0.16999999999999993,0.7063108320251175,-0.020000000000000462,0.009999275207521308,1.0,1.7310721285335395,11.955324605740264,-0.19137071070473022,-2.065583401832793
2006-02-28,4.0250914793517945,-3.823833681339206,4.7,3.42,-0.18999999999999995,0.2649085206482056,-0.009999999999999787,0.8800001144409162,1.0,6.697682847219344,7.966782993990791,0.0,-2.5829779823514643
2006-03-31,3.6979166666666563,-1.0429677858136532,4.8,3.37,-0.2999999999999998,0.7920833333333439,-0.14000000000000057,-0.6099996566772461,1.0,2.790643711657226,4.615530157995013,0.0,-2.2665356265695547
2006-04-30,3.4161490683229934,0.9008916198525618,4.7,3.13,-0.5800000000000001,1.1738509316770065,0.040000000000000036,-0.9499998092651367,1.0,4.687434357761688,3.184700284353583,0.0,-1.538237233874784
2006-05-31,3.501544799176104,0.5795673142814151,4.7,3.04,-0.3799999999999999,1.288455200823896,0.20000000000000018,0.19999980926513672,1.0,3.523768978128894,1.891480965215044,0.0,-1.8090039621909249
2006-06-30,4.0185471406491535,1.7265488227644177,4.6,3.12,-0.25,0.9214528593508469,0.08000000000000007,4.850000381469727,1.0,-0.1660470044473894,8.96299116108431,-3.0121250722689896,-5.61753555421477
2006-07-31,4.224626481195259,0.8751023550768844,4.6,3.35,0.2200000000000002,0.7653735188047408,-0.009999999999999787,-3.3600006103515607,1.0,-1.5307881865540107,7.745401947125989,-2.759160468842159,-4.999979035799074
2006-08-31,4.151717068170169,0.298797721871491,4.8,3.45,0.41000000000000014,1.0882829318298315,0.020000000000000462,1.8699998855590803,0.9803278563452549,-2.3236573330012833,6.740720690984056,-2.3236573330012833,-3.4898023519367998
2006-09-30,3.87557368689444,-0.2614781740792216,4.7,3.49,0.3700000000000001,1.3744263131055598,-0.04999999999999982,-2.6399993896484375,0.9255639280510819,2.907569483622474,3.6701042291329644,-0.19213521805634404,-1.1213327320167663
2006-10-31,2.1158690176322326,-1.3226155890728286,4.6,3.44,0.08999999999999986,3.1341309823677674,-0.07000000000000028,-0.3300008773803711,0.8907062982992618,5.41131312266141,4.0863658014271484,0.0,-1.3366358408703485
2006-11-30,1.4077425842131674,-4.32796371734343,4.4,3.29,-0.16000000000000014,3.8422574157868326,-0.09999999999999964,-0.8799991607665998,0.973684276570246,8.248723568599448,1.6804286742268346,0.0,-0.7133402944943246
2006-12-31,1.9716885743174872,-5.841570255518979,4.5,3.2,-0.29000000000000004,3.2783114256825128,-0.16000000000000014,-0.19000053405761896,0.8862712815205426,8.04353959687667,2.0313114917686277,0.0,-1.774065047524742
2007-01-31,2.5796661608497917,-2.382184117775088,4.5,2.89,-0.5499999999999998,2.6603338391502085,-0.11000000000000032,0.6500005722045898,0.8698269716176046,6.609547805374327,3.1843068254782128,0.0,-1.1170538301489286
2007-02-28,2.086934673366825,0.8258588823485624,4.6,2.72,-0.5699999999999998,3.163065326633175,-0.11000000000000032,-1.1400003433227557,0.9196822724148395,4.906683988142846,1.1721797340134679,0.0,-1.3198518615383903
2007-03-31,2.4138623807132165,2.033247683602002,4.5,2.82,-0.38000000000000034,2.8461376192867833,-0.09000000000000075,5.0,1.0656530609353059,0.8433816176271369,6.770770292306167,-1.961730781749338,-4.478258592249906
2007-04-30,2.6756756756756594,2.03245609466427,4.4,2.85,-0.040000000000000036,2.5843243243243403,0.07000000000000028,-0.7799997329711896,0.9695364220843681,0.6660118518208691,6.613434671277389,-0.8256062686490373,-2.2490094378123
2007-05-31,2.4870646766169235,3.2354509539157528,4.5,2.74,0.020000000000000018,2.7629353233830765,0.03000000000000025,-0.4200000762939453,1.0149892958398425,3.5673984228461686,11.071085231937841,0.0,-0.9087829171639084
2007-06-30,2.717682020802381,4.287816878587014,4.5,2.46,-0.3599999999999999,2.532317979197619,-0.019999999999999574,-1.1700000762939453,0.9688195940632607,9.223089022807574,5.7898405798433625,0.0,-1.0452385334539516
2007-07-31,2.7108255066732534,2.5328959601622403,4.5,2.98,0.1299999999999999,2.5391744933267466,0.16000000000000014,3.179999351501465,0.9896341414482801,6.39319686022084,10.895022030898673,-1.4620955151947168,-3.3556082645703422
2007-08-31,2.3759842519684993,1.622432184913758,4.6,4.19,1.4500000000000002,2.8840157480315005,0.22000000000000064,7.290000915527344,1.1016393460197476,-1.3095038499728928,11.738557401005382,-4.5472799188777335,-6.4228713807733655
2007-09-30,1.982326951399127,-1.3036111191051303,4.6,4.55,2.09,3.0376730486008725,0.3899999999999997,-0.1400012969970703,1.0418894208706604,-3.3224084043135704,7.721000308017965,-3.3224084043135704,-5.866648996586743
2007-10-31,2.758756783423788,-1.7772259410125057,4.7,4.2,1.2200000000000002,2.1812432165762123,0.6199999999999997,-5.379999160766602,0.9661836184033045,1.9104057337208324,12.265151557404737,0.0,-2.2068804967609323
2007-11-30,3.5711452652454234,-1.8780345539967547,4.7,4.36,0.16999999999999993,1.1888547347545764,0.5400000000000005,0.5300006866455078,0.9492827998001192,6.631612420761734,5.1044916372060385,0.0,-4.352042863217342
2007-12-31,4.39514129895886,1.1603798047984393,4.7,5.75,1.2000000000000002,0.09485870104114014,0.9300000000000002,4.340000152587891,0.9557041599488355,1.202870112094856,13.686143442432316,-3.8732261823355985,-7.3124297596870225
2008-01-31,4.122287968441807,1.5001659288196079,5.0,5.92,1.7199999999999998,0.11771203155819343,0.9900000000000002,-0.37000083923339844,0.9652509873659221,-3.666236003990986,9.06234253933171,-4.955695447367415,-4.609383844570947
2008-02-29,4.608841611987025,2.4907524299188077,4.9,6.95,2.59,-0.6688416119870246,1.5,3.700000762939453,1.0392701989059794,-10.702188926730138,8.541078013340723,-10.702188926730138,-9.804759630415097
2008-03-31,4.249507125832497,-0.3840052899060087,4.8,7.67,1.92,-1.2695071258324968,1.88,0.3400001525878906,1.0056840291530185,-9.504784680352996,8.75414638902149,-13.009869053874546,-4.678337372231267
2008-04-30,3.9752176498688785,0.14257511651614152,5.1,8.21,2.290000000000001,-1.3652176498688786,1.83,-0.9300003051757848,0.9988300007796025,-9.292601606934436,9.097508087394491,-13.787784019525006,-4.356256963781913
2008-05-31,3.7592415497162524,-1.4296900335717844,5.0,6.86,-0.08999999999999986,-1.4792415497162525,1.48,-4.819999694824215,0.9783529842601103,1.146202314321343,13.336301352923266,-9.67865534957001,-2.999136022300042
2008-06-30,3.734563882982056,1.1723222574315795,5.5,6.53,-1.1399999999999997,-1.754563882982056,1.3999999999999995,-2.960000991821289,0.8684851109286242,5.3989273711331665,9.841035443816029,-8.313335064039595,-3.781885662539175
2008-07-31,4.62932660840103,3.2878475922683226,5.5,7.35,-0.8600000000000012,-2.62932660840103,1.3600000000000003,6.120000839233398,1.007572583159837,-2.538329709046927,23.674071625843528,-15.976134310585099,-8.958739107530366
2008-08-31,5.361297517641872,5.210409298610984,5.7,8.0,1.1399999999999997,-3.3512975176418722,1.4700000000000002,-1.010000228881836,1.0119100333857525,-7.808250598743993,17.82398799684799,-16.731172284030837,-5.75634148355193
2008-09-30,5.3634866995927455,1.7894952096543015,6.1,8.36,1.8299999999999992,-3.3634866995927455,1.4700000000000002,-2.29000091552734,0.9169626642441421,-7.777586725376128,17.87057661711268,-15.444344945038935,-2.845992647409912
2008-10-31,5.051082134695517,-2.4314742029607705,6.1,10.96,3.610000000000001,-3.241082134695517,1.85,18.73999977111816,1.1925522508447077,-8.844066186365552,19.93612141733362,-23.407260604499857,-12.473873551169657
2008-11-30,3.7371411612088012,-8.170968694858004,6.5,16.17,8.170000000000002,-2.7671411612088015,2.4499999999999997,20.5,1.117976474348101,-23.211803964196843,31.52526600468537,-33.483016100657096,-27.66670744582036
2008-12-31,1.1849072732885269,-11.404128012746028,6.7,19.88,11.52,-0.7949072732885268,1.9300000000000002,-4.610000610351555,1.0203026664438024,-29.64405450731068,17.194149736683638,-37.40821097963726,-24.858063322041524
2009-01-31,0.1562795984088039,-12.885899633010766,7.2,18.12,7.16,0.003720401591196104,1.49,-15.279998779296882,0.9263547873390217,-21.56861642774097,30.351196236623068,-34.48039007008929,-5.464271139954702
2009-02-28,-0.16092905945904734,-7.952330166416166,7.6,16.26,0.08999999999999986,0.31092905945904736,1.9300000000000002,4.840000152587891,1.0053812037371719,-13.763889554168951,17.26791160182071,-39.86048798149939,-13.80120712218833
2009-03-31,0.20510794040580205,-0.30457330633090196,8.1,17.38,-2.5,0.014892059594197954,2.02,1.509998321533196,1.0252156472624208,-17.27140849825656,21.37106315899486,-46.32242137962221,-15.120542975054509
2009-04-30,-0.275197959690765,2.610375834023271,8.5,17.03,-1.0899999999999999,0.455197959690765,1.9,-2.209999084472649,0.9899080340569737,-11.248685217860178,35.887834053270836,-41.85048474707481,-5.19792758926394
2009-05-31,-0.5015368924362495,1.441801016264399,8.9,13.45,-2.8100000000000023,0.6515368924362496,2.25,-7.6399993896484375,0.9937381011406807,6.296904976864903,39.85241723950187,-36.07356005614416,-4.191664455104616
2009-06-30,-1.0486584980384128,0.8028840372943935,9.4,11.7,-5.68,1.2286584980384128,2.5500000000000003,-7.579999923706055,0.9503779095058043,26.054725628879893,7.13764904303325,-26.630498973548498,-4.624591068883133
2009-07-31,-1.35416714580755,4.676168226690669,9.5,10.55,-6.48,1.56416714580755,2.42,-2.5699996948242188,0.9162030657777289,16.284460256707867,17.416079992214108,-26.678507368487814,-5.56971185037124
2009-08-31,-2.149821380502881,5.57469873703238,9.4,9.22,-4.229999999999999,2.309821380502881,2.39,-0.43000030517578125,0.9126760712835293,13.667506537197681,13.724882070120165,-21.20831832300969,-4.7330419448380345
2009-09-30,-1.5771198830409339,6.459321151928233,9.7,9.12,-2.58,1.7371198830409338,2.4299999999999997,0.09000015258789418,0.8916695289973553,11.357200614416495,13.035393893246388,-9.803657722058167,-3.209577316242085
2009-10-31,-1.3810879609529536,3.888720648155286,9.8,7.93,-2.620000000000001,1.5310879609529535,2.3600000000000003,-0.39999961853028054,0.9606151821804128,15.38108929255959,7.685730378001949,0.0,-2.4469771666273843
2009-11-30,-0.14997000599881183,3.771619176878138,10.2,7.6,-1.620000000000001,0.2699700059988118,2.5100000000000002,5.079999923706058,1.0557275836339906,5.306368252774907,11.087784469972977,-1.9225709438513316,-5.674542214632772
2009-12-31,1.9665821834225161,1.4596115823193534,10.0,7.65,-1.4699999999999989,-1.846582183422516,2.54,-6.180000305175778,0.9340701388213997,7.811478356539836,14.28845396259506,0.0,-1.715500094928568
2010-01-31,2.861128185729811,0.42242541038519654,10.0,6.39,-1.54,-2.741128185729811,2.71,-2.8299999237060582,0.907492710718517,6.108482931785986,14.00691317716493,0.0,-1.5184174187539368
2010-02-28,2.551207970816405,-0.3106595943675572,9.7,6.54,-1.0599999999999996,-2.441207970816405,2.81,2.940000534057617,0.9700552266877913,4.256681650341831,17.01458058988102,-3.6342145729821196,-6.666065230054374
2010-03-31,2.152041951672956,-1.5227140783224513,9.7,6.71,-0.9400000000000004,-2.022041951672956,2.8,-5.120000839233398,0.900692856516723,1.269965066029899,12.475092395091977,-0.6281227485512519,-4.067779387203096
2010-04-30,2.3576257322038163,-2.011495400501029,9.7,5.84,-0.5499999999999998,-2.197625732203816,2.82,-1.9099998474121094,0.8830321327920625,5.421602964715944,17.259486139996543,0.0,-0.7069203186789275
2010-05-31,2.3077899666621216,-2.3224959165726866,9.9,5.61,-0.9299999999999997,-2.1077899666621214,2.7199999999999998,4.459999084472656,0.931558900126246,11.089759025162449,7.988055996895885,0.0,-2.733727544273701
2010-06-30,2.04250361712921,-2.715458918440461,9.7,6.98,0.27000000000000046,-1.84250361712921,2.55,10.020000457763672,1.0021874904632568,-0.8304094148793073,24.805865664655,-7.94547861258722,-10.951417280752183
2010-07-31,1.1517352967233885,-2.613371807419629,9.5,7.13,1.29,-0.9717352967233885,2.3600000000000003,2.470001220703125,0.9804144582550516,-11.358044300251569,16.909304643240972,-12.708480254745169,-7.616588311394978
2010-08-31,1.45848584177668,-1.4253903062799056,9.5,6.59,0.9799999999999995,-1.27848584177668,2.3899999999999997,-11.040000915527344,0.8658806384853205,-6.746428949638583,27.206483908729634,-6.746428949638583,-2.753490482487664
2010-09-30,1.2635312030005341,0.4525553926912895,9.6,6.92,-0.0600000000000005,-1.0735312030005342,2.0,2.549999237060547,0.897038512940677,-3.254087188400634,23.36160925748835,-10.941012999398536,-6.867894682984876
2010-10-31,1.1960647107618128,1.491380663128905,9.6,6.26,-0.8700000000000001,-1.0060647107618128,2.11,-2.3499984741210938,0.8977273145983047,11.161594818199916,25.053551637151028,-2.9653545101308576,-1.4972363460000635
2010-11-30,1.1525752709291348,1.2249835389849917,9.6,5.93,-0.6600000000000001,-0.9625752709291349,2.29,-2.5,0.9237472792233642,8.029749617044168,23.51857371902297,0.0,-1.31039154424889
2010-12-31,0.8727272727272695,0.9660843529718299,9.8,6.22,-0.7000000000000002,-0.6827272727272695,2.36,2.3400001525878906,0.9344978331263064,13.117836512083226,15.566985056105068,0.0,-3.715775632191143
2011-01-31,1.246201865395502,2.2421894649074847,9.4,5.41,-0.8499999999999996,-1.066201865395502,2.69,-5.790000915527344,0.8492823121519373,10.76082980332702,11.618447248006781,0.0,-0.4572160564996208
2011-02-28,1.5970623244955018,2.4524372945001316,9.0,5.08,-0.8499999999999996,-1.4270623244955019,2.84,1.7800006866455078,0.9692308216564626,9.17097911486886,11.754876455990274,0.0,-1.7462781836048102
2011-03-31,2.1503646750095307,3.674861635080795,8.9,4.78,-1.4399999999999995,-1.9903646750095307,2.73,-1.1800003051757812,0.9175000190734863,12.96329777463674,7.821671962786021,0.0,-2.675999225425374
2011-04-30,2.645949781609236,3.3655403621619895,8.8,4.77,-0.6400000000000006,-2.5059497816092358,2.67,-0.6100006103515625,0.8941532073932063,5.897392627376474,6.109831928280349,0.0,-5.461891719117185
2011-05-31,3.150120186231198,3.09047117514083,9.0,4.76,-0.3200000000000003,-3.0501201862311977,2.71,-2.989999771118164,0.8428571428571429,6.483286695390578,6.424289954537929,0.0,-2.31929431198421
2011-06-30,3.4894855080469966,1.1493119461243761,9.1,5.09,0.3099999999999996,-3.399485508046997,2.5999999999999996,0.6999998092651367,0.8798405625940029,1.7544266801676756,7.175593565893568,-1.121465465423399,-3.1346541027981623
2011-07-31,3.3997298655320307,-1.9348626049459083,9.2,5.42,0.6500000000000004,-3.309729865532031,2.73,1.0700006484985352,0.8736118768411563,0.025885868178376903,8.656338372218888,-2.7894939965569465,-3.677860801701016
2011-08-31,3.597476068144334,-1.8177085607410381,9.1,5.58,0.8200000000000003,-3.5274760681443342,2.46,8.729999542236328,1.1021388113563089,-4.734164931858609,1.5431945253460972,-4.734164931858609,-4.454798257410975
2011-09-30,3.721292688517064,-1.0907998360724536,9.1,7.3,2.21,-3.6212926885170638,2.03,6.370000839233398,0.9984212429131639,-8.950370541556863,7.327846874312979,-9.97146069232927,-12.828132948565695
2011-10-31,3.9304489586577063,0.8815361697311674,9.1,8.41,2.99,-3.850448958657706,1.67,11.339998245239258,1.0417070159069355,-13.81726153344175,8.80180160440609,-16.221323849034775,-7.126381157939199
2011-11-30,3.6019901406713295,-1.2065864971037898,9.0,7.07,1.4900000000000002,-3.5319901406713297,1.92,-13.0,0.9864997779574941,-2.459377967198384,34.36031472375791,-7.0771118897920315,-2.4333141169828987
2011-12-31,3.456143392989164,-2.65469343360476,8.6,7.79,0.4900000000000002,-3.3761433929891638,1.83,-2.1599998474121094,0.9090908864100288,2.795501191922445,31.29691992277347,-7.454711802912972,-9.024066865825532
2012-01-31,2.9488949022029365,-3.3149837436383223,8.5,7.23,-1.1799999999999997,-2.8788949022029366,1.64,-4.39999961853027,0.8711838826061741,11.61818037683846,21.339522457927945,-6.487766136488293,-4.479681217015274
2012-02-29,2.914566954067177,-1.5992732925004916,8.3,6.61,-0.45999999999999996,-2.834566954067177,1.61,-3.95999908447266,0.8800362335796625,5.301037251321716,8.994652595520062,-2.1512349760659077,-0.935439048386444
2012-03-31,2.772753857920529,0.2839010902605299,8.3,5.98,-1.8099999999999996,-2.672753857920529,1.68,-1.010000228881836,0.8454128876226893,10.320003179716952,6.907458430078956,0.0,-0.7387958795077698
2012-04-30,2.509284531746392,1.703018170893289,8.2,5.99,-1.2400000000000002,-2.379284531746392,1.9,-2.9300003051757812,0.8328855180895769,12.690895079421338,2.5965856613241574,0.0,-2.1636356537662382
2012-05-31,2.1137711477367427,0.8585107642214984,8.1,6.04,-0.5700000000000003,-1.9737711477367426,1.68,1.6499996185302734,0.8876811536971565,6.97762206529311,9.102814216137414,-0.6675771681142528,-4.187850431948736
2012-06-30,1.6561093218981693,-1.4914080093767268,8.2,6.96,0.9799999999999995,-1.4961093218981694,1.32,6.909999847412109,0.9176201409619426,-3.6300049989316574,16.03895099065635,-6.633053834321522,-7.815849385438445
2012-07-31,1.9232826877808584,-2.758721812069398,8.2,6.44,0.4500000000000002,-1.7632826877808585,1.3399999999999999,-6.979999542236328,0.8405511899715512,-2.8441373425870164,17.44152285269867,-2.8441373425870164,-3.2277384246757634
2012-08-31,1.4630143063103063,-2.253063427647417,8.3,6.16,0.1200000000000001,-1.3030143063103063,1.28,1.8500003814697266,0.9109720731309384,-1.0341334961682769,17.956543178528236,-1.6948070251742942,-2.8382307930463924
2012-09-30,1.6944508282213944,1.090965698543389,8.1,5.98,-0.9799999999999995,-1.5644508282213945,1.35,-1.460000991821289,0.8472356257190136,7.92680882426684,4.985183758622633,0.0,-1.1955662615352192
2012-10-31,1.9647066599105534,3.01777440312625,7.8,5.74,-0.7000000000000002,-1.8247066599105533,1.42,-1.739999771118164,0.893242418912233,6.347205966353497,2.6748916082233856,0.0,-2.1632254701082654
2012-11-30,2.1996533826065034,3.2019244668413993,7.9,5.63,-0.5300000000000002,-2.0396533826065033,1.42,2.8700008392333984,0.9632315326717175,3.1911374053857466,8.680164347512896,-1.8198338055604113,-3.543106568845067
2012-12-31,1.898817925194085,-0.2846321084962966,7.7,5.65,-0.33000000000000007,-1.7388179251940852,1.37,-2.7300004959106445,0.9189345376319765,1.2389091380949235,7.554486009556995,-1.2641542443126652,-5.078360260763892
2013-01-31,1.8663973503508346,-2.616179128064977,7.8,5.34,-0.40000000000000036,-1.7063973503508347,1.53,2.15000057220459,0.9620929470461758,-0.3820313741104253,5.130506875585896,-0.3820313741104253,-2.9901936703634058
2013-02-28,1.6232610272301828,-2.5743228290614706,7.9,4.95,-0.6799999999999997,-1.4832610272301827,1.75,-3.7400007247924805,0.918327945840131,6.658458030302761,8.79698229504664,0.0,-0.6371896719086667
2013-03-31,1.8985873319529167,1.1571347658613007,7.7,4.98,-0.6699999999999999,-1.7485873319529168,1.64,1.2300004959106445,0.9585908489705268,7.411415081050143,8.09588893404305,0.0,-2.773257896633408
2013-04-30,1.4151149289823417,0.9627228391397846,7.6,4.86,-0.47999999999999954,-1.2751149289823416,1.62,-2.810000419616699,0.8674863054260484,10.502664706187925,6.763624550625967,0.0,-1.0741433946704793
2013-05-31,1.0070818624905664,-0.5096124242228051,7.5,4.55,-0.40000000000000036,-0.8570818624905664,1.48,0.8200006484985352,0.9147497092035316,7.1411201737806795,4.5368202350579,0.0,-3.1723391352962427
2013-06-30,1.4457810236864876,-3.0496532427099377,7.6,4.62,-0.3600000000000003,-1.3357810236864875,1.86,2.779998779296875,0.9515469956585269,8.289003097122706,3.398362586314125,0.0,-2.225223960491185
2013-07-31,1.892239456210798,-0.8483221677491493,7.6,5.21,0.34999999999999964,-1.802239456210798,2.16,0.5600013732910156,0.9168026737315663,2.935366667827677,6.992797048178802,-1.3344811988385108,-4.7357392632923485
2013-08-31,2.00898029494192,1.1962155656992879,7.4,4.71,0.16000000000000014,-1.91898029494192,2.29,-3.410000801086426,0.9014745134375396,6.214115857689428,11.297143654852976,0.0,-0.5781505386072472
2013-09-30,1.4880357406715339,1.4687386465624286,7.3,4.76,0.13999999999999968,-1.4080357406715338,2.3899999999999997,3.560000419616699,0.9423823239813014,0.6521354675849578,14.949852725388379,-2.999236367792635,-4.457409998363515
2013-10-31,1.094575090530392,0.6388829507244731,7.2,4.83,-0.3799999999999999,-1.0145750905303919,2.31,-0.4099998474121094,0.9880953056742035,5.241812736289098,14.744795543368323,0.0,-2.439217259588178
2013-11-30,0.8875905605585155,-0.04488530206090413,7.3,4.36,-0.34999999999999964,-0.7975905605585155,2.26,-2.8500003814697266,0.9016393442622951,4.7043816379078285,14.025522067380928,0.0,-2.279445750150344
2013-12-31,1.2388269667784835,-0.6190451014977727,7.0,4.27,-0.4900000000000002,-1.1588269667784834,2.4699999999999998,-0.05000019073486328,0.9115103162118863,11.141003220531044,3.1521503136542472,0.0,-1.2643142435531662
2014-01-31,1.5598820672009017,-0.4697376453124402,6.7,4.0,-0.8300000000000001,-1.4698820672009016,2.66,0.020000457763671875,0.928909941896248,10.524814119362702,3.760235773531704,0.0,-1.8136050783940871
2014-02-28,1.6154984039654208,0.32309346669625594,6.6,4.21,-0.15000000000000036,-1.5454984039654207,2.33,4.689999580383301,1.017689314103098,1.9098505007857813,12.622587225915682,-3.5248763194599797,-3.9586041884113743
2014-03-31,1.0306310950723985,1.179973290907732,6.7,3.81,-0.4599999999999995,-0.9606310950723984,2.33,-4.409999847412109,0.8860759386705334,3.48139119157711,14.593910295375965,0.0,-0.662178594493712
2014-04-30,1.420332271670821,0.3959693261050612,6.7,3.77,-0.22999999999999998,-1.340332271670821,2.29,-0.11999988555908203,0.9204244154286291,1.7030326461293654,14.00316236403602,0.0,-1.9122363187497604
2014-05-31,2.0601766853143744,0.20801647720769534,6.3,3.71,-0.5,-1.9701766853143743,2.25,-0.4700002670288086,0.9122448994155793,6.151737243158384,7.582079946757177,0.0,-3.90197962135268
2014-06-30,2.265443361759223,1.0300481647550708,6.3,3.67,-0.14000000000000012,-2.175443361759223,2.11,-2.0100002288818377,0.8290908813476561,3.8866668905303436,3.1253343433348104,0.0,-1.3476755894382353
2014-07-31,2.038687409849582,1.4920987777598427,6.1,3.53,-0.2400000000000002,-1.938687409849582,2.0599999999999996,0.17000007629394887,0.8893158717352784,5.159028680227862,3.0275545850226493,0.0,-1.05322028251994
2014-08-31,1.9677007346196929,0.8639494344371057,6.2,4.04,0.33000000000000007,-1.8777007346196928,2.05,5.380001068115233,1.034798634394202,3.029719754299598,7.086608654857191,-1.343773662926373,-2.798905987916167
2014-09-30,1.6709060233121686,-1.08755961740028,6.1,3.84,0.16999999999999993,-1.5809060233121686,1.87,-4.8600006103515625,0.8478260840488009,4.666653077309846,9.289022595378887,0.0,-1.4750949210631137
2014-10-31,1.575570535206694,-1.6765028898700352,5.9,4.4,0.8700000000000006,-1.485570535206694,1.94,4.219999313354492,0.9549180057843586,1.134745797045822,10.616270771479734,-1.3796228433655466,-2.2605677280309378
2014-11-30,1.6398070211455673,-2.0879630201484645,5.8,4.3,0.2599999999999998,-1.5498070211455672,1.85,-2.2799997329711914,0.8497879793137588,4.9265392724009205,9.470600975203794,0.0,-5.273575938051966
2014-12-31,1.3446664414866971,-2.0101488343791107,5.8,4.67,0.8300000000000001,-1.254666441486697,1.7100000000000002,-0.6999998092651349,0.8367859176609707,3.7160805853909906,7.890815151969627,0.0,-0.3469516644038495
2015-01-31,0.6679966919883151,-3.1426640718219323,5.6,5.04,0.6399999999999997,-0.5479966919883151,1.5,5.870000839233397,0.9726444268267526,4.900216593978124,5.650580388841242,-0.25366494838446885,-4.850977956464819
2015-02-28,-0.10896723746770531,-4.7891059497341075,5.7,5.26,0.96,0.2189672374677053,1.21,1.7699985504150355,0.9610448948965222,-0.5500050162486003,9.894461382673612,-3.209041770799337,-3.341440846474486
2015-03-31,0.007228843937756579,-3.0862170575804204,5.5,4.46,-0.20999999999999996,0.10277115606224342,1.37,-7.629999160766598,0.7898164970191607,2.231033696512319,15.199904948394433,0.0,-0.7228900153788853
2015-04-30,0.042437616703461245,-0.7334228344979765,5.5,4.82,-0.21999999999999975,0.06756238329653876,1.38,1.9499998092651367,0.8717217311156183,0.8813404162566485,15.957601970320253,-1.570554285031056,-3.533209692259576
2015-05-31,-0.1151303258357439,2.3580868053319826,5.4,4.59,-0.6699999999999999,0.2351303258357439,1.4699999999999998,-0.7399997711181641,0.8828883856122022,4.983934057857353,12.628167663767245,-0.6026329901240746,-1.5072238077330602
2015-06-30,-0.02193324700632271,3.196993671720949,5.5,4.58,0.1200000000000001,0.1419332470063227,1.5100000000000002,-0.7100000381469727,0.8998699642136506,0.675255076002168,5.435383216219639,0.0,-1.5521808777607449
2015-07-31,0.03912609963272473,3.4779528272753435,5.3,5.0,0.17999999999999972,0.09087390036727527,1.71,4.3899993896484375,0.9870059675126988,0.20411251620260362,6.352984442902966,-2.031186850389788,-3.122071301366247
2015-08-31,0.07986246842279776,3.557123811736873,5.3,5.36,0.7700000000000005,0.05013753157720224,1.5300000000000002,-6.109999656677246,0.8134228319365953,1.469792008472881,7.791440493985697,0.0,-2.728275118985135
2015-09-30,0.21185369880554195,1.3156070964692956,5.1,5.7,1.12,-0.07185369880554193,1.47,16.3100004196167,1.0716170210838585,-5.924295704288762,14.471182968756297,-6.0950325427540974,-11.07364361345019
2015-10-31,-0.028194737262920988,-0.34137264135631895,5.1,6.62,1.62,0.168194737262921,1.42,-3.9300003051757812,0.98989898989899,-6.424047318656467,14.524788643610458,-8.491130048566975,-5.591238705959167
2015-11-30,0.16832041474150738,-0.2640445209156739,5.0,5.9,0.54,-0.04832041474150739,1.4100000000000001,-9.43000030517578,0.8190217395247944,-0.7073621932390584,26.382501322055212,-0.7073621932390584,-1.106548815987085
2015-12-31,0.4552127982719645,-0.1522604903554603,5.0,6.4,0.7000000000000002,-0.3352127982719645,1.27,1.059999465942381,0.8723634051073412,6.123827810723892,19.85191805759474,-0.3444540299560539,-4.009476042009597
2016-01-31,0.7190375567967644,-0.24506576661829094,5.0,6.95,0.33000000000000007,-0.4790375567967644,1.21,2.0799999237060547,0.91969695889625,7.0205090808465265,18.729238369708792,-2.0667415238465936,-4.494760520334529
2016-02-29,1.4615833677778411,-1.3523141996480081,4.9,7.77,1.8699999999999992,-1.121583367777841,1.18,1.9900016784667969,0.8914386981007151,-6.279540013366258,9.32829387460171,-6.942483114641451,-7.801945429846467
2016-03-31,1.071917546112422,-1.7488673212806005,4.9,7.75,1.3499999999999996,-0.691917546112422,0.96,0.34999847412109375,0.9178204465053009,-6.69797830966904,8.630668400499802,-7.019360883411851,-5.571922059168322
2016-04-30,0.9247476032917534,-0.8019230738816274,5.0,7.05,0.09999999999999964,-0.5647476032917534,1.05,-6.59999942779541,0.8167447231602936,1.3292871582940569,20.364131638438764,-0.7649272952241604,-1.0917911099915245
2016-05-31,1.2322973786136115,0.08958017070181956,5.0,6.21,-1.5599999999999996,-0.8622973786136116,1.06,1.75,0.8509484639589692,7.058715647969649,13.16760042784966,-0.3738176086426348,-1.7943945749804069
2016-06-30,1.0036661871231978,1.8929901585480025,4.7,5.97,-1.7800000000000002,-0.6336661871231978,0.9700000000000001,-1.510000228881836,0.8532772276898406,8.969965963956472,11.581336455338992,0.0,-2.038854325058692
2016-07-31,0.9003894257862077,2.5167903287583115,4.9,6.21,-0.8399999999999999,-0.5203894257862077,0.91,1.4400005340576172,0.8640132660366476,2.4568722108703867,2.661802074711328,0.0,-5.524301191375658
2016-08-31,0.7261685265372853,0.8537034678282485,4.9,5.69,-0.5199999999999996,-0.33616852653728524,0.7899999999999999,-3.760000228881836,0.7697794959033443,5.776717055242675,5.745598528771963,0.0,-0.7192872359540137
2016-09-30,0.9977682605461169,0.5059805612896096,4.9,5.1,-0.8700000000000001,-0.5977682605461169,0.78,1.5500001907348615,0.8314746334439768,4.131948180088418,6.838318032473531,0.0,-0.8215815226158218
2016-10-31,1.446334913245173,0.35795799045208465,5.0,4.97,-1.2400000000000002,-1.0463349132451731,0.8300000000000001,-0.1300001144409162,0.81185090290291,3.777272158132705,7.171424714474191,0.0,-2.6845695616795395
2016-11-30,1.6051789180060672,1.8323647356814687,4.9,4.91,-0.7800000000000002,-1.2051789180060672,0.9800000000000001,3.7699995040893555,0.9557422465745462,-1.6103094300395693,3.5983590097906117,-1.733693956579896,-1.748739967688695
2016-12-31,1.7794222022502248,1.6648697203730967,4.6,4.67,-0.4299999999999997,-1.369422202250225,1.26,-3.7299995422363263,0.8279502862029868,1.892198319006666,9.581607370225932,0.0,-1.165809962259623
2017-01-31,2.1799728396826534,1.232103198843637,4.7,4.22,-0.75,-1.6399728396826534,1.2500000000000002,0.7100000381469709,0.8488512203571055,3.951711026240967,9.616495173670483,0.0,-1.2787508189765595
2017-02-28,2.541294460053667,1.3086081199235489,4.8,4.0,-0.9100000000000001,-1.891294460053667,1.2600000000000002,-2.0500001907348633,0.8280386844036045,7.6786880452426765,3.5748575489889016,0.0,-0.8886230019473973
2017-03-31,2.8392096151985458,0.6857440177281182,4.7,3.74,-0.9299999999999997,-2.1792096151985456,1.14,0.9300003051757795,0.8455497579895346,7.933439760450223,4.062586049831849,0.0,-0.2699257916501496
2017-04-30,2.451244115669149,-1.2609384725277284,4.5,3.92,-0.2999999999999998,-1.6612441156691489,1.13,-0.5500001907348615,0.9095587896022013,5.921144804209266,6.60608245463046,0.0,-2.145178471030018
2017-05-31,2.205199045585826,-2.205199045585826,4.4,3.81,-0.18999999999999995,-1.3051990455858262,1.01,-1.5500001907348615,0.8368135684028606,5.091967132142172,6.906151591199638,0.0,-1.2612301855311148
2017-06-30,1.8528883505283922,-2.847293172575549,4.3,3.74,0.0,-0.9428883505283921,0.9299999999999999,-0.40999984741211115,0.8242280089538163,2.54593661944571,2.2726838029401524,0.0,-1.8643332038657532
2017-07-31,1.6100730638902716,-1.5477000175079025,4.4,3.77,-0.1499999999999999,-0.5700730638902716,0.9300000000000002,0.7700004577636701,0.8508371395025898,3.0708172523690846,1.3417532337097517,0.0,-1.3610843840968667
2017-08-31,1.7595943759694421,-1.9396838020217522,4.3,3.61,-0.20000000000000018,-0.6095943759694422,0.9599999999999997,-0.9200000762939435,0.822774659917987,4.155488230768145,2.4593227196274983,0.0,-0.914453817687444
2017-09-30,1.9662512224048578,-0.009850284346213378,4.4,3.85,0.10999999999999988,-0.8062512224048579,0.79,0.3299999237060547,0.7673913047985228,3.0056963507875567,3.2373939925483652,0.0,-2.0817225741401324
2017-10-31,2.228612210687042,2.0772933181199216,4.2,3.56,-0.20999999999999996,-1.0786122106870422,0.8600000000000001,-1.0799999237060547,0.761409159580029,4.415548374467493,3.4874711372980474,0.0,-0.7181959628494106
2017-11-30,1.9746716116148422,2.3401433008943595,4.1,3.51,-0.10000000000000009,-0.8246716116148423,0.7799999999999998,0.6700000762939435,0.8222940396665344,4.72349627072044,3.8336499543688585,0.0,-0.707899744485696
2017-12-31,2.1638305247000167,2.0845679615676405,4.1,3.61,-0.2400000000000002,-1.0038305247000168,0.6399999999999999,1.099999427795412,0.865030656899501,7.610486773724445,1.8395519064866301,0.0,-1.0304224278023355
2018-01-31,2.0289509200434486,0.5775980687633409,4.1,3.63,0.06999999999999984,-0.7289509200434485,0.51,-0.23999977111816406,0.8433918894699495,6.764332367634962,3.2242423661491206,0.0,-0.4996296489974905
2018-02-28,2.083486922402722,2.210391005079493,4.1,3.29,-0.21999999999999975,-0.673486922402722,0.5800000000000001,2.5,0.9087248529197349,10.185088624984795,7.696336165264954,0.0,-1.681886564380386
2018-03-31,2.112036521909877,1.203140498331523,4.1,3.47,-0.13999999999999968,-0.692036521909877,0.6200000000000001,6.310000419616699,0.9979889889690227,3.029493088042412,16.065174995180165,-3.6360525686730427,-8.505587248271528
2018-04-30,2.3425448816830174,0.09757340007212623,4.1,3.72,0.0900000000000003,-0.8325448816830174,0.4700000000000002,0.11999893188476207,0.9717761583825236,-0.9952859594038133,17.716884491854547,-6.277419234620196,-7.095243222462955
2018-05-31,2.398037336478853,-1.1598067419472002,3.9,3.46,0.16999999999999993,-0.7080373364788533,0.45999999999999996,-4.039999008178709,0.918685130622581,-5.793061570308944,7.571090509708044,-5.793061570308944,-2.7405010954226205
2018-06-30,2.7431247590692376,-1.26718844632554,3.8,3.63,0.1599999999999997,-1.0431247590692376,0.43000000000000016,-0.5,0.9448867346763574,0.13808386413751705,9.058262664717288,-3.5029895064244254,-1.5912748958838208
2018-07-31,2.8988063497272343,-0.6431601750335414,4.0,3.71,-0.010000000000000231,-1.0788063497272342,0.33000000000000007,0.6599998474121112,0.9387398322957534,3.552385118121726,3.7712405607960484,-2.9480322231912326,-2.997500751705984
2018-08-31,2.9658100045892644,-0.9135075820196237,3.9,3.46,0.0,-1.0558100045892644,0.29000000000000004,-3.260000228881834,0.8628110304268287,6.83652509302668,5.4517197506961725,0.0,-1.4295094048550894
2018-09-30,2.781700199975523,-0.6720927602273941,3.9,3.49,-0.13999999999999968,-0.8717001999755232,0.23999999999999977,0.02999973297118963,0.8488448832003876,7.630325471126964,5.814633527128539,0.0,-1.3305848396286346
2018-10-31,2.2815000020294463,-0.4561516971843371,3.7,3.28,-0.43000000000000016,-0.3315000020294463,0.23999999999999977,-0.7399997711181641,0.8205822281602132,7.6511373558899365,5.776197553217376,0.0,-0.8133329788939547
2018-11-30,2.5089300556683902,-0.03329160360070471,3.7,3.81,0.3500000000000001,-0.3189300556683903,0.2799999999999998,9.109999656677246,1.0037825023711093,-3.3678936301179574,18.17299397584067,-6.910408933136624,-9.553332656804605
2018-12-31,2.1341561924456354,-0.48817255437036966,3.7,4.29,0.7999999999999998,0.06584380755436481,0.20999999999999996,-3.1599998474121094,0.9565908035299581,-4.61996892301465,16.416048791036324,-5.18369993581651,-6.320039071039751
2019-01-31,1.9236740965385968,-0.745460078991611,3.9,5.33,2.0500000000000003,0.34632590346140324,0.20999999999999996,7.350000381469727,1.0712178915574624,-13.532092217033442,19.700169004485364,-13.532092217033442,-15.607434537356555
2019-02-28,1.375353567774673,-1.6187759114628553,4.0,4.37,0.56,1.0246464322253268,0.17999999999999972,-8.850000381469727,0.9267338071907261,0.3237790532499396,29.465007641924167,-6.609004336506096,-2.386295833822394
2019-03-31,1.3997331933867319,-1.0243185406570987,3.8,3.92,-0.3700000000000001,1.000266806613268,0.20999999999999996,-1.7899999618530273,0.9180123840234322,1.6896484163538616,30.01473109420361,-3.581637823336703,-1.083842589590256
2019-04-30,1.878442408062142,0.37995338133540724,3.8,4.05,-1.2800000000000002,0.5315575919378581,0.14000000000000012,-1.0699996948242188,0.8677215109267233,13.526030519161768,11.238366857000164,-1.8364166210287358,-2.125388576768228
2019-05-31,1.97789714934824,1.6887917876720504,3.6,3.73,-0.6400000000000001,0.4421028506517599,0.23999999999999977,-0.5900001525878906,0.8614576677546361,9.404309920041598,3.9843147035463424,0.0,-0.5124541550899697
2019-06-30,1.8440537250284494,1.4222250614472243,3.6,4.59,0.6699999999999999,0.5459462749715507,0.19000000000000017,5.589999198913574,0.9936271460584384,-0.7885623689165788,19.06127207544689,-6.377107158679318,-6.380310857666394
2019-07-31,1.773121738679806,0.060337206361538165,3.7,4.07,0.020000000000000462,0.606878261320194,0.25,-3.6299991607666,0.9389788558639394,4.228609229572533,24.312906914715903,0.0,-1.3442708584406104
2019-08-31,1.9400205343711896,-0.03925066465888527,3.7,3.93,0.20000000000000018,0.4599794656288103,0.13000000000000012,1.040000915527342,0.9532821398399001,1.6518061607008638,23.226952312430864,0.0,-1.5165001945690817
2019-09-30,1.768541092572451,0.03856487852527124,3.7,4.13,-0.45999999999999996,0.36145890742754894,0.0,2.8599987030029297,0.9713407703657775,6.757886489974285,15.122617655618534,-1.6743278420875196,-3.737647191461924
2019-10-31,1.7317872647761412,-0.07176095070142718,3.5,4.02,-0.05000000000000071,0.30821273522385884,0.050000000000000044,-2.739999771118164,0.9042316591852435,1.7544352193222368,6.847736118622649,0.0,-1.5021536545885783
2019-11-30,1.7577236608431912,-0.013140116504795074,3.6,4.15,0.2200000000000002,0.07227633915680887,0.16999999999999993,-3.0199995040893555,0.8236760682519487,2.4546365243222734,7.51891076978258,0.0,-1.9772402636897943
2019-12-31,2.000980717822154,0.576828102554594,3.5,4.02,-0.11000000000000032,-0.4509807178221539,0.16999999999999993,-0.6000003814697266,0.8136685815167713,7.971120581830582,3.1173183035896566,0.0,-0.5608890076251427
2020-01-31,2.2822504382094877,1.1036729470980111,3.5,3.6,-0.4199999999999995,-0.7322504382094877,0.33999999999999986,1.1599998474121094,0.8683049673812734,8.987581811684997,2.4411461682481037,0.0,-0.6707086213290636
2020-02-29,2.4327886240318453,-0.0025951364555298895,3.6,4.03,-0.1200000000000001,-0.8827886240318452,0.17999999999999994,5.060000419616699,1.0112721954525654,6.58746953743814,6.72097666372979,-0.04038058598538896,-3.078775028929781
2020-03-31,2.345592679949271,-0.606808353559507,3.5,5.06,1.04,-0.7655926799492709,0.2699999999999999,21.270000457763672,1.3437185962399865,-5.2793353946548045,19.38195192658629,-7.953751156195155,-12.437161936821273
2020-04-30,1.4971591356217617,-2.3424322939707976,4.4,8.77,5.17,-0.8471591356217617,0.47,13.430000305175781,1.1080298272696856,-19.447708334306014,21.81039939442777,-19.447708334306014,-28.31903798828108
2020-05-31,0.37025706194744323,-4.8042613717108935,14.7,7.63,3.5999999999999996,-0.32025706194744324,0.44,-19.389999389648438,0.9743224613189144,-9.18220879902989,46.479595543556115,-9.218881555295832,-4.7446255161954
2020-06-30,0.24024612490447517,-5.212496782240084,13.3,6.54,1.4800000000000004,-0.19024612490447518,0.49,-6.640001296997067,0.9088206082873069,3.324609327491057,44.60666477570518,-4.8935729815283935,-3.726489393795973
2020-07-31,0.7477331035428136,-1.8887632297159618,11.1,6.44,-2.329999999999999,-0.6677331035428137,0.5,2.9200000762939418,0.9357318535311111,20.16177504317276,19.55744688460844,-3.206936496548407,-6.989486546740653
2020-08-31,1.0001522480002967,3.4827994522053984,10.2,5.16,-2.4699999999999998,-0.9101522480002967,0.44000000000000006,-5.970001220703125,0.8232918154903677,12.90170281397689,7.369074509981892,0.0,-1.8295151818644384
2020-09-30,1.3191572376121563,4.94232501762204,8.4,5.02,-1.5200000000000005,-1.2191572376121562,0.58,1.9500007629394531,0.8291993573343064,15.288876903396886,9.511464776536162,0.0,-0.8254778194328627
2020-10-31,1.5021961475748746,3.237387118699653,7.9,5.41,-1.0300000000000002,-1.4121961475748745,0.5599999999999999,-0.03999900817871094,0.8334387278104939,9.03833029216543,20.445058562150514,-3.7443672541760953,-9.440444548430648
2020-11-30,1.1870751075713892,1.3128043358895614,6.9,5.32,0.16000000000000014,-1.0970751075713892,0.74,11.649999618530273,1.0482492411886752,0.4064738198729989,20.31294444446847,-6.144341364977701,-7.346128373246996
2020-12-31,1.116943737981524,0.6444112762591825,6.7,4.33,-0.6899999999999995,-1.0269437379815238,0.6799999999999999,-17.450000762939453,0.8454582720644295,4.064954257684961,28.076752322806936,0.0,-1.996850142034168
2021-01-31,1.2665328180548663,1.1625816990509463,6.7,3.86,-1.5500000000000003,-1.1765328180548662,0.8,2.1800003051757812,0.8999208616326496,12.118540305856884,23.179731604026774,0.0,-1.4885030729146709
2021-02-28,1.3179043350591169,1.6430634764153629,6.3,3.84,-1.4800000000000004,-1.2279043350591168,1.0,10.34000015258789,0.9766823822130626,13.813754987638083,20.75070615055826,-1.019048233640374,-3.725371737225303
2021-03-31,1.586952325805835,2.056657632902792,6.2,3.57,-0.7600000000000002,-1.5069523258058348,1.2999999999999998,-5.1399993896484375,0.9442567703626379,5.502239876817905,8.672553224364878,0.0,-3.1275347171982992
2021-04-30,2.6516458424596934,2.0403133063429335,6.0,3.36,-0.5,-2.5816458424596935,1.58,-8.550001144409176,0.875846498990483,6.351761028700009,9.842179200637794,0.0,-3.3061299843588965
2021-05-31,4.27116630585147,2.9339521950990433,6.1,3.28,-0.56,-4.20116630585147,1.49,-0.789999008178718,0.8432261380916971,13.131760606498677,4.463664152077984,0.0,-1.2198535975215252
2021-06-30,4.997888711644927,3.4499705257966307,5.8,3.34,-0.22999999999999998,-4.937888711644927,1.44,-1.850000381469723,0.818359404467629,10.793907655059453,8.616531517396792,0.0,-3.958586806067832
2021-07-31,5.352352515803949,4.328133032536053,5.9,3.04,-0.31999999999999984,-5.272352515803949,1.2,-0.9300003051757795,0.8113787666835567,8.359324890062148,8.159182670521691,0.0,-2.112243293841909
2021-08-31,5.2341693626001495,3.162420028344349,5.4,3.32,0.040000000000000036,-5.13416936260015,1.05,2.4099998474121076,0.8223624670943668,5.426468576611598,3.3882623919696786,0.0,-2.7706444057772006
2021-09-30,5.133606232261889,1.6783453916572544,5.2,3.21,-0.1299999999999999,-5.043606232261889,1.1,-1.760000228881836,0.8070518844595082,7.855765373461887,1.3137853051024275,0.0,-1.7428605112647322
2021-10-31,5.353004700068009,-0.6108278460584593,4.8,3.15,0.10999999999999988,-5.273004700068009,1.24,6.659999847412113,0.9694176194420108,0.5734912482802335,14.767406748769954,-4.6605443871038155,-5.003447682363349
2021-11-30,6.299433400556986,0.4142335147437448,4.6,3.15,-0.16999999999999993,-6.219433400556986,1.07,-6.879999160766605,0.7982326734893627,5.065172989180278,20.542194335560016,0.0,-1.289615440427161
2021-12-31,6.925545497417729,1.9530558042682111,4.2,3.67,0.45999999999999996,-6.845545497417729,0.9099999999999999,10.930000305175781,0.9665837662725558,1.2090070484180426,20.609531106383823,-0.8034910951145724,-3.0166399536229016
2022-01-31,7.035431190908237,2.095023529394946,3.9,3.1,-0.04999999999999982,-6.955431190908237,0.79,-9.970001220703125,0.7870201084939695,11.065982152232245,13.880599993982093,0.0,-3.008361194787424
2022-02-28,7.513223074312347,0.23158295729230893,4.0,3.63,0.48,-7.433223074312347,0.6100000000000001,7.610000610351559,0.9247672093458233,-1.6895686193341697,17.17212419308431,-5.274119976487757,-9.727653072785236
2022-03-31,7.987885742948242,-0.16355120662627787,3.8,3.77,0.10000000000000009,-7.907885742948242,0.3900000000000001,5.319999694824226,1.016863406625055,-3.818594917438345,17.93237484918026,-8.07014986673894,-7.778553335114157
2022-04-30,8.65392967336751,2.5153591252073717,3.6,3.43,0.33000000000000007,-8.453929673367512,0.040000000000000036,-9.590000152587894,0.8405560194396731,-4.6144761066660545,16.249645736519337,-4.6144761066660545,-4.941879042005793
2022-05-31,8.18155243748877,1.7141812494184006,3.6,3.97,0.3400000000000003,-7.85155243748877,0.18999999999999995,12.840002059936523,1.0066305370307307,-8.1416563106535,21.73093740694565,-12.986375565244101,-9.80736326908108
2022-06-30,8.535808840778847,2.129886816164195,3.6,4.22,0.44999999999999973,-7.765808840778847,0.3200000000000003,-7.210000991821289,0.9356913450596774,-5.134136986090265,22.391141478951784,-12.789954303688045,-9.229492699193989
2022-07-31,8.984762769345455,2.0376714155353923,3.6,5.87,2.44,-7.774762769345455,0.06000000000000005,2.519998550415039,0.9663412981886415,-16.110258431990452,17.498595883666443,-19.981330512590155,-12.15650792522458
2022-08-31,8.449855838980413,1.0260875341137297,3.5,4.83,0.8599999999999999,-6.769855838980414,-0.2200000000000002,-7.379999160766605,0.8965951703593382,0.4295391155035633,30.23689254081241,-12.612618012479459,-2.8484011666782827
2022-09-30,8.280954683310625,-2.468700455787486,3.7,5.03,0.8100000000000005,-5.950954683310625,-0.30000000000000027,4.540000915527347,0.9707317527031208,-3.885144290899545,31.579090605679056,-16.178190415149185,-8.033500938162575
2022-10-31,8.252413018260896,-6.297347934570574,3.5,5.43,-0.4400000000000004,-5.692413018260895,-0.3899999999999997,5.75,0.9924670506427994,-4.931168071389191,32.978565962669734,-23.92718559350375,-12.731556000062504
2022-11-30,7.710932192364961,-3.8760521664088943,3.7,4.63,-0.20000000000000018,-4.630932192364961,-0.41000000000000014,-5.740001678466797,0.9613669794732587,-5.872363456727325,30.902828981890963,-17.74432269810533,-5.664470745112904
2022-12-31,6.981138841078605,-3.2371133701766697,3.7,4.55,-0.4800000000000004,-3.201138841078605,-0.6999999999999997,-5.29999923706055,0.8746281055310918,3.5869003918668874,32.48201292049279,-13.171585598680258,-3.513478717359453
2023-01-31,6.395614435815444,-4.562147582221199,3.5,4.81,-0.6200000000000001,-2.2956144358154447,-0.5300000000000002,1.0900001525878942,0.8921366512770048,7.560953335141951,25.601838789827937,-14.216915665314167,-7.11630773945725
2023-02-28,6.598376209950585,-3.2366955360229044,3.4,4.3,-0.33000000000000007,-2.268376209950585,-0.69,-2.2700004577636683,0.9322441190005935,5.731765886586726,23.40769472561817,-8.822244085463915,-2.474272774811304
2023-03-31,6.146061326896146,-1.6491498349264555,3.6,4.22,-0.33000000000000007,-1.5760613268961459,-0.8899999999999997,1.3000011444091761,0.970919374260813,-2.3548905639016793,21.600290721504837,-11.114709231342024,-4.9234549494397095
2023-04-30,4.900802202232812,0.1513990199638604,3.5,4.58,-0.22999999999999954,-0.250802202232812,-0.5799999999999996,-2.0,0.880829070473434,7.458202217766585,15.67599911172613,0.0,-4.724704811217862
2023-05-31,4.938284435483586,-1.730057860932721,3.4,4.53,0.23000000000000043,-0.10828443548358635,-0.6000000000000001,-2.9200010299682617,0.8075741552515338,2.7153503568363435,10.961208269445136,0.0,-2.3780245932634614
2023-06-30,4.055250210996508,-1.8546433473991542,3.7,4.69,0.47000000000000064,1.0047497890034913,-0.7600000000000002,2.160000801086426,0.8876794332880955,5.850905593219369,5.70630250063575,0.0,-2.4981428709791254
2023-07-31,2.8825576985588963,-0.1607821997759329,3.6,4.05,-0.5300000000000002,2.1974423014411038,-1.06,-4.350000381469727,0.8483145920262352,8.680362810175367,11.07688066303868,0.0,-2.1593693404247327
2023-08-31,3.0741251257319524,-1.1724119049401738,3.5,3.79,-0.7400000000000002,2.0458748742680477,-0.9099999999999997,0.039999961853027344,0.8513429056579632,10.473041156406705,10.431508445474286,0.0,-1.1807254494376695
2023-09-30,3.602259657668627,0.3794339423315307,3.8,3.85,-0.8400000000000003,1.7277403423313729,-0.7599999999999998,-0.06000041961669744,0.8523869114191119,8.178240740740739,14.140133086800319,-1.6252075188960213,-4.422969412383903
2023-10-31,3.6123345048709066,1.2664468336929025,3.8,4.03,-0.019999999999999574,1.7176654951290935,-0.4400000000000004,3.9500007629394513,0.9465154101093184,-3.2241590363596195,13.999156971177731,-6.291561581504157,-5.276659889660829
2023-11-30,3.2063798806959642,1.1624502453589924,3.9,4.42,0.6299999999999999,2.123620119304036,-0.1900000000000004,0.6199989318847692,0.9307336892086443,-8.325843765239982,5.768764192148571,-8.325843765239982,-5.8764295117673
2023-12-31,3.2069824266211633,-1.037191370975421,3.7,3.84,-0.010000000000000231,2.123017573378837,-0.3600000000000003,-5.2199993133544975,0.8367875924497403,1.7008867606104205,25.574264857843065,0.0,-0.7798662506266263
2024-01-31,3.602001932159715,-1.8091497147480817,3.7,3.39,-0.6400000000000001,1.7279980678402849,-0.35000000000000053,-0.4700002670288068,0.815858428737219,11.639626130228375,19.700881668464934,0.0,-1.385718430061067
2024-02-29,3.0442276466047247,-0.33060262382316186,3.7,3.59,-0.8300000000000001,2.2857723533952754,-0.27999999999999936,1.9000005722045916,0.8991228287701074,15.934440170968166,13.159815159277066,0.0,-1.7078098507856576
2024-03-31,3.118203999363489,1.0196190695194618,3.9,3.29,-0.5499999999999998,2.211796000636511,-0.3899999999999997,-0.9500007629394567,0.8975217243555512,11.774743132623744,6.695163388241846,0.0,-1.420580847878894
2024-04-30,3.4531887822721874,0.996726850487395,3.8,3.15,-0.2400000000000002,1.8768112177278127,-0.3899999999999997,-0.3899993896484357,0.8564845680235065,10.3900956733884,6.286304178571137,0.0,-1.1055773579478845
2024-05-31,3.3966287906298076,1.2307049001270443,3.9,3.18,-0.4099999999999997,1.9333712093701925,-0.34999999999999964,2.6399993896484357,0.943339329390483,4.278421157626555,16.893317306033556,-4.031953658254972,-5.17082462713776
2024-06-30,3.2743806339723402,-0.45321817549488497,4.0,3.2,-0.08999999999999986,2.05561936602766,-0.3799999999999999,-2.729999542236328,0.8813097005983037,4.119153219099658,16.681980881337584,0.0,-1.64668951887178
2024-07-31,3.0305324166257863,-1.9771703748086011,4.1,3.21,0.06000000000000005,2.2994675833742138,-0.34999999999999964,-0.48000049591064275,0.8567492553853041,4.379093623205099,16.859454798726002,0.0,-0.7290932402229
2024-08-31,3.018255418139759,-2.599985766246138,4.3,3.25,0.06999999999999984,2.311744581860241,-0.20000000000000018,3.9200010299682617,0.9640542882919922,10.081456832063807,6.709658479215029,0.0,-4.682569400880454
2024-09-30,2.56375930962649,-1.4146148487599985,4.2,3.17,-0.03000000000000025,2.76624069037351,0.0,-1.3600006103515625,0.8605851828669102,7.2299172094848485,4.013869857793707,0.0,-4.71999083701945
2024-10-31,2.3432342160979003,-0.23508481450320584,4.1,3.03,-0.18000000000000016,2.7867657839020996,0.1499999999999999,1.7299995422363281,0.8704474578525061,5.7513240121625175,2.0562909838453183,0.0,-2.1228911794765493
2024-11-30,2.546981818418237,-0.07489461213181503,4.1,2.88,-0.3700000000000001,2.283018181581763,0.1200000000000001,6.430000305175781,1.022968218718302,3.5537211027866444,6.235137673897187,-0.8923457915741118,-2.728406711614395
2024-12-31,2.768278464651197,0.21888760641168847,4.2,2.74,-0.4299999999999997,1.8717215353488026,0.04999999999999982,-9.649999618530273,0.8308733111137778,7.223638167345303,11.906244979068118,0.0,-2.1728115799167336
2025-01-31,2.8606119475473424,1.0062831033167852,4.1,2.92,-0.10999999999999988,1.619388052452658,0.33000000000000007,3.8400001525878906,0.9141201685943483,2.4910489838370076,15.449134631323682,-2.406010820160942,-3.571854600220936
2025-02-28,3.0356652727771882,1.6499101219997536,4.0,2.68,-0.19999999999999973,1.2943347272228118,0.3600000000000003,-0.9200000762939453,0.8914812823178125,6.191185280386069,14.609206100872033,0.0,-2.497654162257712
2025-03-31,2.803693249403638,1.4777510015606898,4.1,2.87,0.1299999999999999,1.526306750596362,0.25,3.1999988555908203,0.9727452360707787,-1.0571975084078478,9.258472671087995,-1.2694832821118496,-4.548649194996535
2025-04-30,2.3652435704448527,0.08707120115927225,4.2,3.55,0.6299999999999999,1.9647564295551474,0.3400000000000003,2.6500015258789062,1.0141102131533788,-4.266873660134096,14.30675582269857,-6.770680393405648,-5.541569621348774
2025-05-31,2.271341317403519,-0.7141580001775782,4.2,3.94,1.2599999999999998,2.058658682596481,0.5699999999999998,2.4200000762939453,0.9671104102397583,-7.578995455401305,9.03429637872197,-7.578995455401305,-12.052717166050432
2025-06-30,2.348152286694849,-1.3373855172674087,4.2,3.32,0.44999999999999973,1.981847713305151,0.52,-6.130001068115234,0.8685687756667981,-0.5077509580708184,20.681188116339165,-1.770788426655201,-2.646041269613275
2025-07-31,2.699577382454521,-0.3195370613186199,4.1,2.96,-0.5899999999999999,1.630422617545479,0.52,-1.8400001525878906,0.8605966606290189,10.777193060676925,13.306010868552612,0.0,-1.2775200621612304
2025-08-31,2.742286323014409,-0.46155386377373375,4.2,2.86,-1.08,1.587713676985591,0.43000000000000016,-0.010000228881835938,0.8735632103727878,14.319735577966753,7.0998691493956105,0.0,-0.799574935444014
2025-09-30,2.942496681215201,0.5767195940870717,4.3,2.84,-0.48,1.3875033187847992,0.6400000000000006,-1.359999656677246,0.8370571845975624,9.767193739936108,5.938064556521819,0.0,-1.4574654819094923
2025-10-31,3.0767177440369275,0.5395877293931539,4.4,2.8,-0.16000000000000014,1.1432822559630722,0.56,0.9200010299682617,0.8673415178267485,8.12122324290636,2.8029492901036166,0.0,-1.3181574625616088
2025-11-30,2.825768574815979,-0.020224406281865726,4.4,2.94,0.08000000000000007,1.264231425184021,0.5100000000000002,1.1599998474121094,0.8511469364992529,8.20639336497322,2.749122744807727,0.0,-2.9846536434430915
2025-12-31,2.714566064448043,-0.6364931935096463,4.6,2.92,0.08000000000000007,1.165433935551957,0.5499999999999994,-1.0900001525878906,0.8324847703451174,6.237446454347673,5.918785186126148,0.0,-4.514319723534477
2026-01-31,2.626815871067234,-0.5614859403652916,4.4,2.81,0.010000000000000231,1.0931841289327662,0.7099999999999995,-1.4000005722045898,0.8223322089279023,2.66519621443011,4.497168387698529,0.0,-2.5784613970496584
2026-02-28,2.3510903016741524,0.4147743294770079,4.3,2.88,-0.06000000000000005,1.2889096983258477,0.7399999999999998,2.4900007247924805,0.8689586845661565,1.7527265645403745,2.6802431694029245,0.0,-2.528912096608693
