date,equity,equity_intramonth_dd,vix,vix3m,cpi,core_cpi,unemployment,treasury_10y,treasury_2y,fed_funds,credit_spread,industrial_prod
1994-02-28,26.404224395751953,-3.495079549604352,14.869999885559082,,146.7,155.0,6.5,6.15,4.67,3.25,,115.1
1994-03-31,25.297863006591797,-5.343352799725176,20.450000762939453,,147.2,155.5,6.5,6.77,5.21,3.34,,115.6
1994-04-30,25.581504821777344,-1.630807205590179,13.770000457763672,,147.4,155.8,6.4,7.06,5.73,3.56,,116.0
1994-05-31,25.9892520904541,-2.3759966673893684,13.029999732971191,,147.7,156.2,6.0,7.17,6.01,4.01,,116.1
1994-06-30,25.393733978271484,-4.679561181941915,14.970000267028809,,148.1,156.7,6.0,7.34,6.19,4.25,,116.8
1994-07-31,26.214603424072266,-0.6528893243214706,11.130000114440918,,148.6,157.0,6.1,7.12,5.99,4.26,,117.2
1994-08-31,27.21392822265625,-0.9131132709385814,11.970000267028809,,149.1,157.4,6.1,7.19,6.17,4.47,,118.5
1994-09-30,26.526660919189453,-3.054538627090131,14.279999732971191,,149.4,157.7,5.9,7.62,6.62,4.73,,118.7
1994-10-31,27.280710220336914,-1.8923913892287314,14.5600004196167,,149.5,158.0,5.8,7.81,6.84,4.76,,119.8
1994-11-30,26.194507598876953,-4.159764812674371,15.949999809265137,,149.9,158.3,5.6,7.91,7.4,5.29,,120.2
1994-12-31,26.385276794433594,-1.6774438330400487,13.199999809265137,,150.2,158.6,5.4,7.84,7.69,5.45,,121.4
1995-01-31,27.272022247314453,-1.0299297149373166,11.960000038146973,,150.6,159.1,5.7,7.6,7.26,5.53,,121.9
1995-02-28,28.384979248046875,-0.7972619520059232,11.75,,151.0,159.5,5.4,7.22,6.79,5.92,,122.6
1995-03-31,29.175437927246094,-0.7682134487791314,13.369999885559082,,151.3,160.1,5.5,7.2,6.8,5.98,,121.9
1995-04-30,30.03968620300293,-1.009495094038937,11.75,,151.9,160.6,5.8,7.07,6.6,6.05,,121.1
1995-05-31,31.23145294189453,-1.826731562267636,12.850000381469727,,152.3,160.9,5.7,6.3,5.89,6.01,,120.9
1995-06-30,31.86325454711914,-1.5873132157389946,11.380000114440918,,152.5,161.3,5.6,6.21,5.79,6.0,,121.0
1995-07-31,32.88815689086914,-1.9407414238991838,13.489999771118164,,152.8,161.7,5.7,6.45,5.88,5.85,,121.3
1995-08-31,33.03456497192383,-0.8076048049752038,11.520000457763672,,153.0,162.0,5.6,6.28,5.85,5.74,,123.0
1995-09-30,34.434452056884766,-1.0632556952214212,12.739999771118164,,153.2,162.4,5.6,6.17,5.83,5.8,,122.6
1995-10-31,34.33325958251953,-2.4287514677934885,13.829999923706055,,153.7,162.9,5.5,6.03,5.61,5.76,,122.5
1995-11-30,35.86040115356445,-0.8132217028521516,11.579999923706055,,153.7,163.1,5.6,5.76,5.36,5.8,,122.8
1995-12-31,36.42459487915039,-2.5951409246884327,12.520000457763672,,154.0,163.3,5.6,5.58,5.18,5.6,,122.8
1996-01-31,37.72052764892578,-3.761375958099833,12.529999732971191,,154.7,163.8,5.8,5.6,4.93,5.56,,121.9
1996-02-29,37.84086990356445,-3.6983833261315713,17.040000915527344,,155.0,164.2,5.5,6.13,5.44,5.22,,123.7
1996-03-31,38.492401123046875,-3.605263476863152,18.8799991607666,,155.6,164.7,5.6,6.34,5.79,5.31,,123.5
1996-04-30,38.91078567504883,-4.027655702172305,15.829999923706055,,156.2,164.9,5.4,6.66,6.03,5.22,,124.5
1996-05-31,39.79404830932617,-2.360478430939039,16.06999969482422,,156.7,165.3,5.6,6.85,6.27,5.24,,125.3
1996-06-30,40.145145416259766,-2.614690851767376,13.680000305175781,,156.8,165.6,5.3,6.73,6.11,5.27,,125.7
1996-07-31,38.34117889404297,-7.4330736405461835,19.459999084472656,,157.2,166.1,5.4,6.8,6.22,5.4,,126.2
1996-08-31,39.07958221435547,-2.81264757909101,17.010000228881836,,157.4,166.2,5.1,6.96,6.34,5.22,,126.9
1996-09-30,41.26305389404297,-1.210801793800531,16.950000762939453,,157.8,166.7,5.2,6.72,6.1,5.3,,127.1
1996-10-31,42.59714126586914,-1.930668364675403,18.110000610351562,,158.3,167.1,5.2,6.37,5.77,5.24,,126.6
1996-11-30,45.70690155029297,-0.5130832691684128,17.139999389648438,,158.7,167.4,5.4,6.06,5.59,5.31,,128.0
1996-12-31,44.619205474853516,-4.828467296691519,20.920000076293945,,159.1,167.6,5.3,6.43,5.88,5.29,3.13,129.1
1997-01-31,47.376041412353516,-2.933056623281116,19.469999313354492,,159.4,167.9,5.4,6.53,5.94,5.25,3.04,117.689
1997-02-28,47.82920455932617,-3.3206423484819614,21.100000381469727,,159.8,168.3,5.3,6.56,6.09,5.19,2.73,118.13
1997-03-31,45.718868255615234,-7.374223708571648,22.139999389648438,,159.9,168.7,5.2,6.92,6.45,5.39,2.84,119.59
1997-04-30,48.58103942871094,-4.319488742431599,20.059999465942383,,160.0,169.2,4.9,6.72,6.29,5.51,2.94,118.994
1997-05-31,51.65170669555664,-2.248871875433267,19.190000534057617,,160.1,169.5,4.8,6.67,6.22,5.5,2.68,119.737
1997-06-30,53.77470397949219,-2.75702792322966,21.530000686645508,,160.3,169.7,5.0,6.51,6.08,5.56,2.67,119.886
1997-07-31,58.037071228027344,-2.616743302725688,21.479999542236328,,160.6,170.0,4.8,6.02,5.74,5.52,2.71,119.811
1997-08-31,55.03062438964844,-6.508265062609919,24.760000228881836,,160.9,170.1,4.9,6.34,5.97,5.54,2.59,121.315
1997-09-30,57.67702102661133,-2.570991099233755,22.90999984741211,,161.3,170.4,4.9,6.12,5.8,5.54,2.59,122.387
1997-10-31,56.263755798339844,-11.203103677963655,35.09000015258789,,161.6,170.8,4.7,5.84,5.63,5.5,2.99,122.694
1997-11-30,58.440948486328125,-4.042448819888811,27.43000030517578,,161.8,171.0,4.6,5.86,5.76,5.52,2.9,127.327
1997-12-31,59.55553436279297,-5.214963915961235,24.010000228881836,,161.9,171.4,4.7,5.75,5.66,5.5,2.96,128.135
1998-01-31,60.32249450683594,-5.592930761157334,21.469999313354492,,161.9,171.7,4.7,5.53,5.32,5.56,3.0,127.925
1998-02-28,64.5025405883789,-0.7807539838419641,18.549999237060547,,162.0,172.2,4.6,5.62,5.55,5.51,2.87,128.103
1998-03-31,67.64921569824219,-1.5699141365640212,24.219999313354492,,162.0,172.4,4.7,5.67,5.6,5.49,2.83,127.693
1998-04-30,68.51451110839844,-4.0066743554774025,21.18000030517578,,162.4,172.9,4.3,5.68,5.59,5.45,2.98,127.808
1998-05-31,67.0915298461914,-3.1640368975213717,21.31999969482422,,162.9,173.3,4.3,5.56,5.53,5.49,3.18,128.763
1998-06-30,69.94786071777344,-4.177117276754694,19.709999084472656,,163.0,173.5,4.5,5.44,5.49,5.56,3.37,128.072
1998-07-31,69.00262451171875,-5.719533000465127,24.799999237060547,,163.3,173.8,4.5,5.5,5.49,5.54,3.38,126.788
1998-08-31,59.260868072509766,-13.756290676003747,44.279998779296875,,163.6,174.2,4.5,5.05,4.91,5.55,5.2,129.096
1998-09-30,63.03215408325195,-4.906558837131625,40.95000076293945,,163.6,174.5,4.6,4.44,4.3,5.51,5.95,128.658
1998-10-31,68.14286041259766,-4.09555174670051,28.049999237060547,,164.0,174.8,4.6,4.64,4.12,5.07,6.52,128.289
1998-11-30,71.93716430664062,-2.824284643039854,26.010000228881836,,164.3,175.1,4.4,4.74,4.54,4.83,5.44,131.811
1998-12-31,76.64348602294922,-4.361613781048989,24.420000076293945,,164.5,175.6,4.3,4.65,4.54,4.68,5.66,132.774
1999-01-31,79.34330749511719,-5.1125544112116454,26.25,,164.6,175.7,4.3,4.66,4.58,4.63,5.6,132.506
1999-02-28,76.79885864257812,-4.611227828263864,27.8799991607666,,164.7,175.8,4.4,5.29,5.13,4.76,5.21,132.593
1999-03-31,79.98358917236328,-4.352723177316486,23.260000228881836,,165.0,176.0,4.2,5.25,4.99,4.81,5.19,132.755
1999-04-30,83.02092742919922,-4.997730378690335,25.06999969482422,,166.2,176.7,4.3,5.36,5.08,4.74,4.76,133.966
1999-05-31,81.12257385253906,-6.393592525552272,25.389999389648438,,166.2,176.9,4.2,5.64,5.42,4.74,4.75,134.126
1999-06-30,85.61497497558594,-2.807631815029199,21.09000015258789,,166.2,177.0,4.3,5.81,5.53,4.76,4.87,134.184
1999-07-31,82.95905303955078,-6.390462399878782,24.639999389648438,,166.7,177.3,4.3,5.92,5.63,4.99,4.66,135.148
1999-08-31,82.52943420410156,-4.561890090123311,24.450000762939453,,167.2,177.5,4.2,5.98,5.73,5.07,4.9,135.63
1999-09-30,80.68597412109375,-6.471394220840676,25.40999984741211,,167.9,178.1,4.2,5.9,5.63,5.22,5.07,135.043
1999-10-31,85.85613250732422,-6.722678912100721,22.200000762939453,,168.2,178.4,4.1,6.02,5.79,5.2,5.13,136.133
1999-11-30,87.28579711914062,-2.344405388472248,24.18000030517578,,168.4,178.8,4.1,6.18,6.01,5.42,4.91,139.542
1999-12-31,92.2706069946289,-2.1725123399442325,24.639999389648438,,168.8,179.0,4.1,6.45,6.24,5.3,4.76,140.492
2000-01-31,87.67670440673828,-7.568025342218931,24.950000762939453,,169.1,179.2,4.0,6.68,6.61,5.45,4.87,141.485
2000-02-29,86.34172058105469,-7.61156984872795,23.3700008392334,,170.0,179.5,4.1,6.42,6.53,5.73,5.08,142.075
2000-03-31,94.70948028564453,-3.188658645926301,24.110000610351562,,171.2,180.3,4.1,6.03,6.5,5.85,5.75,142.017
2000-04-30,91.38324737548828,-10.193989924708081,26.200000762939453,,171.2,180.6,3.9,6.23,6.68,6.02,5.88,143.683
2000-05-31,89.94645690917969,-6.268611548039294,23.649999618530273,,171.3,180.9,4.1,6.29,6.69,6.27,6.16,144.159
2000-06-30,91.7167739868164,-2.8836268640023643,19.540000915527344,,172.3,181.2,4.0,6.03,6.38,6.53,6.17,144.602
2000-07-31,90.27660369873047,-6.0537216892607155,20.739999771118164,,172.7,181.6,4.0,6.04,6.3,6.54,6.26,145.319
2000-08-31,96.17534637451172,-1.3241502607173605,16.84000015258789,,172.6,182.0,4.1,5.73,6.18,6.5,6.43,145.681
2000-09-30,90.89900970458984,-6.38427904341331,20.56999969482422,,173.6,182.6,3.9,5.8,5.98,6.52,6.77,145.96
2000-10-31,90.47376251220703,-7.672295167340515,23.6299991607666,,173.9,182.9,3.9,5.77,5.94,6.51,7.79,146.316
2000-11-30,83.71963500976562,-8.096068245619637,29.649999618530273,,174.2,183.4,4.0,5.48,5.61,6.51,9.06,148.602
2000-12-31,83.28205108642578,-8.647620733815886,26.850000381469727,,174.5,183.5,4.0,5.12,5.11,6.4,9.16,147.306
2001-01-31,86.9847183227539,-4.305506173054918,22.020000457763672,,175.7,184.1,4.2,5.19,4.62,5.98,7.87,146.997
2001-02-28,78.68743896484375,-10.135600991236283,28.350000381469727,,176.2,184.7,4.2,4.92,4.41,5.49,7.7,146.001
2001-03-31,74.2780532836914,-12.351187564009736,28.639999389648438,,176.3,185.1,4.3,4.93,4.18,5.31,8.18,146.466
2001-04-30,80.62433624267578,-3.3361915697070366,25.479999542236328,,176.8,185.5,4.5,5.35,4.3,4.8,8.06,144.866
2001-05-31,80.17239379882812,-4.823349983730763,22.639999389648438,,177.5,185.7,4.4,5.43,4.22,4.21,7.68,143.12
2001-06-30,78.26197052001953,-5.586275630133242,19.059999465942383,,177.9,186.3,4.5,5.42,4.25,3.97,8.16,142.501
2001-07-31,77.46397399902344,-5.099449603330031,21.6200008392334,,177.4,186.6,4.5,5.07,3.79,3.77,8.27,142.849
2001-08-31,72.86787414550781,-7.576844153931317,24.920000076293945,,177.5,187.0,4.9,4.85,3.64,3.65,8.05,141.499
2001-09-30,66.91962432861328,-14.120460400425339,31.93000030517578,,178.2,187.4,4.9,4.6,2.86,3.07,10.18,140.3
2001-10-31,67.79106140136719,-4.314000917283689,33.560001373291016,,177.6,187.7,5.4,4.3,2.44,2.49,9.61,139.307
2001-11-30,73.07721710205078,-2.234101293884394,23.84000015258789,,177.6,188.4,5.7,4.78,2.84,2.09,8.39,137.139
2001-12-31,73.48929595947266,-4.5485566985110415,23.799999237060547,,177.3,188.6,5.8,5.07,3.07,1.82,8.24,136.737
2002-01-31,72.76922607421875,-6.240444834626658,21.09000015258789,,177.6,188.6,5.6,5.07,3.16,1.73,7.89,136.518
2002-02-28,71.46400451660156,-4.11008268220121,21.59000015258789,,178.0,189.1,5.5,4.88,3.06,1.74,8.19,137.634
2002-03-31,73.84165954589844,-3.2694586045012186,17.399999618530273,,178.6,189.3,5.7,5.42,3.72,1.73,7.08,138.845
2002-04-30,69.5473403930664,-6.729476991321626,21.90999984741211,,179.5,189.8,6.0,5.11,3.24,1.75,6.88,139.151
2002-05-31,69.13467407226562,-3.73692448695806,19.979999542236328,,179.5,190.1,5.8,5.08,3.22,1.75,7.28,139.334
2002-06-30,64.03202819824219,-7.2990827571131955,25.399999618530273,,179.7,190.2,5.9,4.86,2.9,1.75,8.75,140.57
2002-07-31,58.985050201416016,-19.49451771453362,32.029998779296875,,179.9,190.5,5.9,4.51,2.23,1.73,9.71,140.687
2002-08-31,59.386207580566406,-5.643149509545131,32.63999938964844,,180.5,191.1,5.7,4.14,2.14,1.74,9.61,140.542
2002-09-30,53.1594352722168,-10.407183818573774,39.689998626708984,,180.8,191.3,5.6,3.63,1.72,1.75,10.33,140.493
2002-10-31,57.533592224121094,-8.88942675551736,31.139999389648438,,181.3,191.6,5.7,3.93,1.68,1.75,10.59,139.293
2002-11-30,61.08232116699219,-5.137538620817472,27.5,,181.5,191.9,6.0,4.22,2.08,1.34,8.83,110.796
2002-12-31,57.626914978027344,-6.714701594902028,28.6200008392334,,181.6,192.0,6.0,3.83,1.61,1.24,8.9,110.602
2003-01-31,56.20955276489258,-9.536005911481348,31.170000076293945,,182.2,192.3,5.7,4.0,1.72,1.24,8.29,111.129
2003-02-28,55.45194625854492,-4.789525466953181,29.6299991607666,,183.3,192.5,5.8,3.71,1.53,1.26,8.38,111.108
2003-03-31,55.57057571411133,-5.497992248982797,29.149999618530273,,183.9,192.5,5.8,3.83,1.51,1.25,7.72,110.14
2003-04-30,60.27252197265625,-2.1154639825829102,21.209999084472656,,183.3,192.5,6.0,3.89,1.51,1.26,6.44,109.656
2003-05-31,63.577632904052734,-2.786231811595019,19.469999313354492,,183.3,193.0,6.1,3.37,1.33,1.26,6.79,109.583
2003-06-30,64.25485229492188,-3.7160383680838516,19.520000457763672,,183.6,193.0,6.4,3.54,1.32,1.22,6.13,109.678
2003-07-31,65.4132080078125,-2.8374348172740538,19.489999771118164,,183.9,193.4,6.2,4.49,1.8,1.01,5.67,110.037
2003-08-31,66.76239013671875,-2.1216007723299013,18.6299991607666,,184.5,193.6,6.1,4.45,1.95,1.03,5.46,110.213
2003-09-30,66.03426361083984,-4.0786858517207865,22.719999313354492,,185.0,193.7,6.1,3.96,1.5,1.01,5.51,110.602
2003-10-31,69.56890106201172,-1.954314498370957,16.100000381469727,,185.0,194.1,6.0,4.33,1.85,1.01,4.73,111.751
2003-11-30,70.32860565185547,-2.4624182800819794,16.31999969482422,,184.6,194.0,5.9,4.34,2.06,1.0,4.48,112.946
2003-12-31,73.8670654296875,-0.8084615758593539,18.309999465942383,,185.0,194.2,5.7,4.27,1.84,0.98,4.18,113.187
2004-01-31,75.32743072509766,-2.1576068551734884,16.6299991607666,,185.8,194.4,5.6,4.16,1.84,1.0,4.05,113.795
2004-02-29,76.34967803955078,-1.5322397211299799,14.550000190734863,,186.3,194.8,5.6,3.99,1.66,1.01,4.34,114.59
2004-03-31,75.33837127685547,-5.616293626429892,16.739999771118164,,187.2,195.5,5.7,3.86,1.6,1.0,4.41,114.523
2004-04-30,73.91288757324219,-3.739049320881027,17.190000534057617,,187.6,196.0,5.6,4.53,2.31,1.0,3.91,115.423
2004-05-31,75.17851257324219,-3.502362694111083,15.5,,188.8,196.4,5.6,4.66,2.54,1.0,4.28,116.947
2004-06-30,76.56941223144531,-1.4277828123604008,14.34000015258789,,189.4,196.6,5.6,4.62,2.7,1.03,4.1,116.19
2004-07-31,74.10246276855469,-3.709915603820435,15.319999694824219,,189.3,196.8,5.5,4.5,2.68,1.26,4.02,116.213
2004-08-31,74.28296661376953,-3.799437270334738,15.289999961853027,,189.4,196.9,5.4,4.13,2.41,1.43,4.06,116.62
2004-09-30,75.0285415649414,-2.1546867579596896,13.34000015258789,,189.7,197.5,5.4,4.14,2.63,1.61,3.83,116.666
2004-10-31,75.9952621459961,-4.202978431847049,16.270000457763672,,190.9,197.9,5.5,4.05,2.56,1.76,3.63,117.592
2004-11-30,79.37837219238281,-1.1117059345566949,13.239999771118164,,191.2,198.2,5.4,4.36,3.02,1.93,3.17,117.6
2004-12-31,81.76934051513672,-1.0307682724599476,13.289999961853027,,191.1,198.5,5.4,4.24,3.08,2.16,3.1,117.813
2005-01-31,79.93598937988281,-3.117221430173145,12.819999694824219,,191.3,198.9,5.2,4.14,3.29,2.28,3.29,117.667
2005-02-28,81.60697937011719,-2.15331979322696,12.079999923706055,,192.0,199.4,5.4,4.36,3.59,2.5,2.83,118.393
2005-03-31,80.1141586303711,-4.725347858056972,14.020000457763672,,193.2,200.1,5.2,4.5,3.8,2.63,3.52,118.527
2005-04-30,78.61322784423828,-4.56226233359348,15.3100004196167,,194.2,200.2,5.2,4.21,3.66,2.79,4.19,118.277
2005-05-31,81.146484375,-1.7823838603497233,13.289999961853027,,194.1,200.5,5.1,4.0,3.6,3.0,4.13,118.641
2005-06-30,81.2694091796875,-2.1304996493112682,12.039999961853027,,194.1,200.7,5.0,3.94,3.66,3.04,3.85,119.657
2005-07-31,84.37891387939453,-0.8382400598742845,11.569999694824219,,195.1,201.0,5.0,4.28,4.02,3.26,3.3,119.444
2005-08-31,83.587890625,-3.1751261852079993,12.600000381469727,,196.1,201.2,4.9,4.02,3.84,3.5,3.66,119.678
2005-09-30,84.2587661743164,-2.5483957141221647,11.920000076293945,,198.5,201.4,5.1,4.34,4.18,3.62,3.54,118.016
2005-10-31,82.26592254638672,-4.2169614076614685,15.319999694824219,,198.9,201.9,5.0,4.57,4.4,3.78,3.61,107.877
2005-11-30,85.88169860839844,-1.352949135716608,12.0600004196167,,197.8,202.4,5.0,4.49,4.42,4.0,3.67,108.96
2005-12-31,85.71734619140625,-2.0655834018327934,12.069999694824219,,197.7,202.8,4.9,4.39,4.41,4.16,3.71,109.762
2006-01-31,87.77583312988281,-2.5829779823514643,12.949999809265137,,199.0,203.2,4.7,4.53,4.54,4.29,3.42,110.269
2006-02-28,88.27835083007812,-2.2665356265695547,12.34000015258789,,199.1,203.5,4.8,4.55,4.69,4.49,3.37,110.878
2006-03-31,89.73529052734375,-1.538237233874784,11.390000343322754,,199.8,204.2,4.7,4.86,4.82,4.59,3.13,111.2088
2006-04-30,90.86885070800781,-1.8090039621909249,11.59000015258789,,201.0,204.8,4.7,5.07,4.87,4.79,3.04,112.2624
2006-05-31,88.13176727294922,-5.61753555421477,16.440000534057617,,201.9,205.4,4.6,5.12,5.04,4.94,3.12,112.0991
2006-06-30,88.36163330078125,-4.999979035799074,13.079999923706055,,202.3,206.0,4.6,5.15,5.16,4.99,3.35,113.2096
2006-07-31,88.75736999511719,-3.4898023519367993,14.949999809265137,15.25,203.2,206.4,4.8,4.99,4.97,5.24,3.45,113.5293
2006-08-31,90.69425964355469,-1.1213327320167665,12.3100004196167,13.300000190734863,203.7,206.9,4.7,4.74,4.79,5.25,3.49,113.7063
2006-09-30,93.14315795898438,-1.3366358408703483,11.979999542236328,13.449999809265137,202.7,207.4,4.6,4.64,4.71,5.25,3.44,113.1336
2006-10-31,96.07872009277344,-0.7133402944943246,11.100000381469727,11.399999618530273,201.7,207.6,4.4,4.61,4.71,5.25,3.29,113.6615
2006-11-30,97.98928833007812,-1.7740650475247421,10.90999984741211,12.3100004196167,201.7,207.7,4.5,4.46,4.62,5.25,3.2,112.3227
2006-12-31,99.29949951171875,-1.1170538301489286,11.5600004196167,13.289999961853027,202.8,208.1,4.5,4.71,4.82,5.24,2.89,112.4425
2007-01-31,100.79299926757812,-1.3198518615383903,10.420000076293945,11.329999923706055,203.153,208.632,4.6,4.83,4.94,5.25,2.72,111.9282
2007-02-28,98.81571197509766,-4.478258592249906,15.420000076293945,14.470000267028809,203.906,209.135,4.5,4.56,4.65,5.26,2.82,113.1433
2007-03-31,99.96084594726562,-2.2490094378122993,14.640000343322754,15.100000381469727,205.146,209.263,4.4,4.65,4.58,5.26,2.85,112.4866
2007-04-30,104.38868713378906,-0.9087829171639084,14.220000267028809,14.010000228881836,205.999,209.634,4.5,4.63,4.6,5.25,2.74,113.0344
2007-05-31,107.92957305908203,-1.0452385334539516,13.050000190734863,13.470000267028809,207.387,209.948,4.5,4.9,4.92,5.25,2.46,112.6889
2007-06-30,106.3515396118164,-3.3556082645703422,16.229999542236328,16.399999618530273,207.784,210.436,4.5,5.03,4.87,5.25,2.98,113.3704
2007-07-31,103.02171325683594,-6.4228713807733655,23.520000457763672,21.350000381469727,208.028,210.933,4.6,4.78,4.56,5.26,4.19,113.8604
2007-08-31,104.34371185302734,-5.866648996586743,23.3799991607666,22.440000534057617,207.738,211.25,4.6,4.54,4.15,5.02,4.55,114.4254
2007-09-30,108.38328552246094,-2.2068804967609323,18.0,18.6299991607666,208.292,211.714,4.7,4.59,3.97,4.94,4.2,114.357
2007-10-31,109.85371398925781,-4.352042863217342,18.530000686645508,19.520000457763672,208.903,212.05,4.7,4.48,3.94,4.76,4.36,113.9957
2007-11-30,105.59883117675781,-7.3124297596870225,22.8700008392334,23.93000030517578,210.565,212.633,4.7,3.97,3.04,4.49,5.75,113.9019
2007-12-31,104.40969848632812,-4.609383844570947,22.5,23.309999465942383,211.16,213.148,5.0,4.04,3.05,4.24,5.92,113.9673
2008-01-31,98.09696197509766,-9.804759630415095,26.200000762939453,25.209999084472656,212.516,213.765,4.9,3.67,2.17,3.94,6.95,114.2334
2008-02-29,95.5618896484375,-4.678337372231267,26.540000915527344,26.389999389648438,212.571,213.851,4.8,3.53,1.65,2.98,7.67,113.6597
2008-03-31,94.70732116699219,-4.356256963781913,25.610000610351562,25.639999389648438,213.301,214.176,5.1,3.45,1.62,2.61,8.21,112.1281
2008-04-30,99.22135162353516,-2.999136022300042,20.790000915527344,21.25,213.743,214.398,5.0,3.77,2.29,2.28,6.86,111.1807
2008-05-31,100.72120666503906,-3.781885662539175,17.829999923706055,20.530000686645508,215.132,214.832,5.5,4.06,2.66,1.98,6.53,110.9051
2008-06-30,92.30333709716797,-8.958739107530366,23.950000762939453,23.770000457763672,217.403,215.526,5.5,3.99,2.63,2.0,7.35,111.7251
2008-07-31,91.4738998413086,-5.75634148355193,22.940000534057617,22.670000076293945,219.181,216.23,5.7,3.99,2.52,2.01,8.0,111.8419
2008-08-31,92.88752746582031,-2.8459926474099118,20.649999618530273,22.520000457763672,218.88,216.65,6.1,3.83,2.36,2.0,8.36,110.3034
2008-09-30,84.13996887207031,-12.473873551169657,39.38999938964844,33.029998779296875,218.813,216.956,6.1,3.85,2.0,1.81,10.96,107.254
2008-10-31,70.24115753173828,-27.66670744582036,59.88999938964844,53.56999969482422,216.71,216.801,6.5,4.01,1.56,0.97,16.17,107.2854
2008-11-30,65.35189819335938,-24.858063322041524,55.279998779296875,54.18000030517578,213.06,216.849,6.7,2.93,1.0,0.39,19.88,106.1173
2008-12-31,65.99214172363281,-5.464271139954702,40.0,43.18000030517578,211.49,216.816,7.2,2.25,0.76,0.16,18.12,103.5966
2009-01-31,60.5732421875,-13.80120712218833,44.84000015258789,44.599998474121094,212.174,217.265,7.6,2.87,0.94,0.15,16.26,101.337
2009-02-28,54.06470489501953,-15.120542975054507,46.349998474121094,45.209999084472656,213.007,217.67,8.1,3.02,1.0,0.22,17.38,99.7298
2009-03-31,58.56889343261719,-5.19792758926394,44.13999938964844,44.59000015258789,212.714,218.042,8.5,2.71,0.81,0.18,17.03,97.3755
2009-04-30,64.38748168945312,-4.191664455104616,36.5,36.72999954223633,212.671,218.594,8.9,3.16,0.91,0.15,13.45,97.0723
2009-05-31,68.15111541748047,-4.624591068883133,28.920000076293945,30.43000030517578,212.876,218.91,9.4,3.47,0.92,0.18,11.7,95.8402
2009-06-30,68.10652160644531,-5.56971185037124,26.350000381469727,28.760000228881836,214.459,219.344,9.5,3.53,1.11,0.21,10.55,95.3964
2009-07-31,73.1876449584961,-4.7330419448380345,25.920000076293945,28.399999618530273,214.469,219.543,9.4,3.52,1.13,0.16,9.22,95.9709
2009-08-31,75.89117431640625,-3.209577316242085,26.010000228881836,29.170000076293945,215.428,219.692,9.7,3.4,0.97,0.16,9.12,97.4422
2009-09-30,78.58204650878906,-2.4469771666273843,25.610000610351562,26.65999984741211,215.791,220.053,9.8,3.31,0.95,0.15,7.93,98.4622
2009-10-31,77.07125091552734,-5.674542214632772,30.690000534057617,29.06999969482422,216.385,220.453,10.2,3.41,0.9,0.12,7.6,98.6271
2009-11-30,81.81939697265625,-1.7155000949285681,24.510000228881836,26.239999771118164,217.25,220.527,10.0,3.21,0.67,0.12,7.65,99.4398
2009-12-31,83.38221740722656,-1.5184174187539368,21.68000030517578,23.889999389648438,217.541,220.774,10.0,3.85,1.14,0.12,6.39,100.3043
2010-01-31,80.3519287109375,-6.666065230054374,24.6200008392334,25.3799991607666,217.587,220.463,9.7,3.63,0.82,0.11,6.54,101.0516
2010-02-28,82.85847473144531,-4.067779387203096,19.5,21.649999618530273,217.591,220.579,9.7,3.61,0.81,0.13,6.71,100.9862
2010-03-31,87.90287017822266,-0.7069203186789275,17.59000015258789,19.920000076293945,217.729,220.664,9.7,3.84,1.02,0.16,5.84,101.61
2010-04-30,89.26276397705078,-2.733727544273701,22.049999237060547,23.670000076293945,217.579,220.768,9.9,3.69,0.97,0.2,5.61,102.2666
2010-05-31,82.17041015625,-10.951417280752185,32.06999969482422,32.0,217.224,221.037,9.7,3.31,0.76,0.2,6.98,103.538
2010-06-30,77.9188232421875,-7.616588311394978,34.540000915527344,35.22999954223633,216.929,221.388,9.5,2.97,0.61,0.18,7.13,92.5354
2010-07-31,83.24071502685547,-2.753490482487664,23.5,27.139999389648438,217.597,221.676,9.5,2.94,0.55,0.18,6.59,93.4009
2010-08-31,79.49651336669922,-6.867894682984876,26.049999237060547,29.040000915527344,218.15,221.779,9.6,2.47,0.47,0.19,6.92,93.2093
2010-09-30,86.61580657958984,-1.4972363460000637,23.700000762939453,26.399999618530273,218.372,221.781,9.6,2.53,0.42,0.19,6.26,93.1902
2010-10-31,89.92473602294922,-1.31039154424889,21.200000762939453,22.950000762939453,218.879,221.765,9.6,2.63,0.34,0.19,5.93,93.3753
2010-11-30,89.92473602294922,-3.715775632191143,23.540000915527344,25.190000534057617,219.146,221.982,9.8,2.81,0.45,0.19,6.22,93.8961
2010-12-31,95.93638610839844,-0.4572160564996208,17.75,20.899999618530273,220.252,222.187,9.4,3.3,0.61,0.18,5.41,94.8756
2011-01-31,98.17171478271484,-1.7462781836048102,19.530000686645508,20.149999618530273,221.062,222.587,9.0,3.42,0.58,0.17,5.08,95.1452
2011-02-28,101.58194732666016,-2.675999225425374,18.350000381469727,20.0,222.27,223.029,8.9,3.42,0.69,0.16,4.78,95.485
2011-03-31,101.59413146972656,-5.461891719117185,17.739999771118164,19.84000015258789,223.49,223.331,8.8,3.47,0.8,0.14,4.77,93.5904
2011-04-30,104.53646850585938,-2.31929431198421,14.75,17.5,224.433,223.745,9.0,3.32,0.61,0.1,4.76,93.097
2011-05-31,103.36412811279297,-3.1346541027981623,15.449999809265137,17.559999465942383,224.804,224.387,9.1,3.05,0.45,0.09,5.09,92.9815
2011-06-30,101.62042999267578,-3.677860801701016,16.520000457763672,18.90999984741211,224.304,224.958,9.2,3.18,0.45,0.09,5.42,93.07
2011-07-31,99.58753967285156,-4.454798257410975,25.25,22.90999984741211,225.425,225.463,9.1,2.82,0.36,0.07,5.58,94.1525
2011-08-31,94.11265563964844,-12.828132948565695,31.6200008392334,31.670000076293945,226.268,226.014,9.1,2.23,0.2,0.1,7.3,94.0419
2011-09-30,87.57926940917969,-7.126381157939199,42.959999084472656,41.2400016784668,226.955,226.137,9.1,1.92,0.25,0.08,8.41,94.1851
2011-10-31,97.1383056640625,-2.4333141169828987,29.959999084472656,30.3700008392334,226.763,226.444,9.0,2.17,0.25,0.07,7.07,94.7136
2011-11-30,96.74357604980469,-9.024066865825532,27.799999237060547,30.579999923706055,226.72,226.836,8.6,2.08,0.25,0.08,7.79,94.8263
2011-12-31,97.75438690185547,-4.479681217015274,23.399999618530273,26.860000610351562,226.747,227.166,8.5,1.89,0.25,0.07,7.23,95.2915
2012-01-31,102.28764343261719,-0.9354390483864439,19.440000534057617,22.09000015258789,227.505,227.684,8.3,1.83,0.22,0.08,6.61,95.9054
2012-02-29,106.7275161743164,-0.7387958795077698,18.43000030517578,21.799999237060547,228.433,227.907,8.3,1.98,0.3,0.1,5.98,96.1735
2012-03-31,110.16029357910156,-2.1636356537662382,15.5,18.610000610351562,229.098,228.432,8.2,2.23,0.33,0.13,5.99,96.5685
2012-04-30,109.42488861083984,-4.187850431948736,17.149999618530273,19.31999969482422,229.177,228.984,8.1,1.95,0.27,0.14,6.04,97.4133
2012-05-31,102.85330200195312,-7.815849385438445,24.059999465942383,26.219999313354492,228.527,229.446,8.2,1.59,0.27,0.16,6.96,97.2853
2012-06-30,107.02718353271484,-3.2277384246757634,17.079999923706055,20.31999969482422,228.618,229.916,8.2,1.67,0.33,0.16,6.44,97.4298
2012-07-31,108.29328918457031,-2.8382307930463924,18.93000030517578,20.780000686645508,228.723,230.124,8.3,1.51,0.23,0.16,6.16,98.0398
2012-08-31,111.00628662109375,-1.1955662615352192,17.469999313354492,20.6200008392334,230.102,230.244,8.1,1.57,0.22,0.13,5.98,96.8202
2012-09-30,113.82041931152344,-2.1632254701082654,15.729999542236328,17.610000610351562,231.414,230.58,7.8,1.65,0.23,0.14,5.74,97.0328
2012-10-31,111.74907684326172,-3.543106568845067,18.600000381469727,19.309999465942383,231.751,230.994,7.9,1.72,0.3,0.16,5.63,96.5879
2012-11-30,112.38155364990234,-5.078360260763892,15.869999885559082,17.270000457763672,231.025,231.254,7.7,1.62,0.25,0.16,5.65,97.509
2012-12-31,113.38558959960938,-2.9901936703634058,18.020000457763672,18.729999542236328,230.979,231.475,7.8,1.78,0.25,0.16,5.34,98.093
2013-01-31,119.1898422241211,-0.6371896719086667,14.279999732971191,15.550000190734863,231.198,232.108,7.9,2.02,0.27,0.14,4.95,98.6212
2013-02-28,120.71061706542969,-2.7732578966334076,15.510000228881836,16.18000030517578,232.77,232.512,7.7,1.89,0.25,0.15,4.98,99.4965
2013-03-31,125.29409790039062,-1.0741433946704793,12.699999809265137,14.640000343322754,232.34,232.758,7.6,1.87,0.25,0.14,4.86,99.4765
2013-04-30,127.70133209228516,-3.1723391352962427,13.520000457763672,14.779999732971191,231.485,232.879,7.5,1.7,0.22,0.15,4.55,98.7439
2013-05-31,130.71632385253906,-2.225223960491185,16.299999237060547,17.1299991607666,231.831,233.267,7.6,2.16,0.3,0.11,4.62,98.6709
2013-06-30,128.97193908691406,-4.7357392632923485,16.860000610351562,18.389999389648438,232.944,233.643,7.6,2.52,0.36,0.09,5.21,99.0549
2013-07-31,135.6368408203125,-0.5781505386072472,13.449999809265137,14.920000076293945,233.318,234.004,7.4,2.6,0.31,0.09,4.71,98.9462
2013-08-31,131.5687713623047,-4.457409998363515,17.010000228881836,18.049999237060547,233.526,234.302,7.3,2.78,0.39,0.08,4.76,99.3579
2013-09-30,135.73240661621094,-2.439217259588178,16.600000381469727,16.799999237060547,233.947,234.589,7.2,2.64,0.33,0.08,4.83,100.0439
2013-10-31,142.01771545410156,-2.279445750150344,13.75,15.25,233.808,234.877,7.3,2.57,0.31,0.09,4.36,99.9778
2013-11-30,146.2268524169922,-1.2643142435531662,13.699999809265137,15.029999732971191,233.887,235.24,7.0,2.75,0.28,0.08,4.27,101.2825
2013-12-31,150.0179901123047,-1.8136050783940871,13.720000267028809,14.770000457763672,234.582,235.496,6.7,3.04,0.38,0.09,4.0,101.7629
2014-01-31,144.73004150390625,-3.9586041884113743,18.40999984741211,18.09000015258789,234.933,235.843,6.6,2.67,0.34,0.07,4.21,101.0251
2014-02-28,151.3175811767578,-0.662178594493712,14.0,15.800000190734863,235.169,236.122,6.7,2.66,0.33,0.07,3.81,101.6276
2014-03-31,152.57284545898438,-1.9122363187497604,13.880000114440918,15.079999923706055,235.64,236.604,6.7,2.73,0.44,0.08,3.77,103.2374
2014-04-30,153.63345336914062,-3.9019796213526803,13.40999984741211,14.699999809265137,236.254,237.163,6.3,2.67,0.42,0.09,3.71,102.7435
2014-05-31,157.19879150390625,-1.3476755894382353,11.399999618530273,13.75,237.083,237.776,6.3,2.48,0.37,0.09,3.67,103.6585
2014-06-30,160.44412231445312,-1.05322028251994,11.569999694824219,13.010000228881836,237.693,238.083,6.1,2.53,0.47,0.1,3.53,103.9152
2014-07-31,158.28811645507812,-2.798905987916167,16.950000762939453,16.3799991607666,237.909,238.311,6.2,2.58,0.53,0.09,4.04,104.3882
2014-08-31,164.5347137451172,-1.4750949210631137,12.09000015258789,14.260000228881836,237.428,238.345,6.1,2.35,0.48,0.09,3.84,104.1152
2014-09-30,162.26475524902344,-2.2605677280309378,16.309999465942383,17.079999923706055,237.633,238.677,5.9,2.52,0.58,0.09,4.4,105.0728
2014-10-31,166.08624267578125,-5.273575938051966,14.029999732971191,16.510000228881836,237.642,239.162,5.8,2.35,0.5,0.09,4.3,104.8568
2014-11-30,170.64895629882812,-0.3469516644038495,13.329999923706055,15.930000305175781,237.032,239.332,5.8,2.18,0.47,0.09,4.67,106.6617
2014-12-31,170.21607971191406,-4.850977956464819,19.200000762939453,19.739999771118164,236.149,239.339,5.6,2.17,0.67,0.12,5.04,106.5114
2015-01-31,165.17276000976562,-3.341440846474486,20.969999313354492,21.81999969482422,234.677,239.871,5.7,1.68,0.47,0.11,5.26,106.1878
2015-02-28,174.45619201660156,-0.7228900153788853,13.34000015258789,16.889999389648438,235.186,240.247,5.5,2.0,0.63,0.11,4.46,105.8028
2015-03-31,171.7162628173828,-3.5332096922595757,15.289999961853027,17.540000915527344,235.74,240.793,5.5,1.94,0.56,0.11,4.82,105.2161
2015-04-30,173.4048614501953,-1.5072238077330602,14.550000190734863,16.479999542236328,235.982,241.409,5.4,2.05,0.58,0.12,4.59,105.1786
2015-05-31,175.63421630859375,-1.5521808777607449,13.84000015258789,15.380000114440918,237.031,241.76,5.5,2.12,0.61,0.12,4.58,105.1018
2015-06-30,172.06675720214844,-3.122071301366247,18.229999542236328,18.469999313354492,237.786,242.193,5.3,2.35,0.64,0.13,5.0,105.7065
2015-07-31,175.95355224609375,-2.728275118985135,12.119999885559082,14.899999618530273,238.099,242.513,5.3,2.2,0.67,0.13,5.36,107.477
2015-08-31,165.2291259765625,-11.07364361345019,28.43000030517578,26.530000686645508,237.931,242.693,5.1,2.21,0.74,0.14,5.7,107.0793
2015-09-30,161.0131072998047,-5.591238705959167,24.5,24.75,237.566,243.206,5.1,2.06,0.64,0.14,6.62,107.0917
2015-10-31,174.70892333984375,-1.106548815987085,15.069999694824219,18.399999618530273,238.042,243.698,5.0,2.16,0.75,0.12,5.9,107.2123
2015-11-30,175.34747314453125,-4.009476042009597,16.1299991607666,18.489999771118164,238.111,244.135,5.0,2.21,0.94,0.12,6.4,106.5339
2015-12-31,172.31704711914062,-4.494760520334529,18.209999084472656,19.799999237060547,237.847,244.446,5.0,2.27,1.06,0.24,6.95,106.0222
2016-01-31,163.73800659179688,-7.8019454298464685,20.200000762939453,22.65999984741211,238.107,245.232,4.9,1.94,0.76,0.34,7.77,106.8477
2016-02-29,163.6027374267578,-5.571922059168322,20.549999237060547,22.389999389648438,237.707,245.925,4.9,1.74,0.78,0.38,7.75,106.3275
2016-03-31,174.60763549804688,-1.0917911099915245,13.949999809265137,17.079999923706055,237.92,246.095,5.0,1.78,0.73,0.36,7.05,103.3759
2016-04-30,175.29580688476562,-1.7943945749804069,15.699999809265137,18.450000762939453,238.89,246.574,5.0,1.83,0.77,0.37,6.21,104.147
2016-05-31,178.27784729003906,-2.038854325058692,14.1899995803833,16.6299991607666,239.41,247.074,4.7,1.84,0.87,0.37,5.97,103.5527
2016-06-30,178.89752197265625,-5.524301191375658,15.630000114440918,18.09000015258789,239.927,247.495,4.9,1.49,0.58,0.38,6.21,104.1342
2016-07-31,185.42214965820312,-0.7192872359540137,11.869999885559082,15.420000076293945,239.828,247.713,4.9,1.46,0.67,0.39,5.69,104.9141
2016-08-31,185.64419555664062,-0.8215815226158218,13.420000076293945,16.139999389648438,240.305,248.338,4.9,1.58,0.8,0.4,5.1,104.4016
2016-09-30,185.65496826171875,-2.6845695616795395,13.289999961853027,16.3700008392334,241.002,248.611,5.0,1.6,0.77,0.4,4.97,104.226
2016-10-31,182.436279296875,-1.748739967688695,17.059999465942383,17.850000381469727,241.863,248.981,4.9,1.84,0.86,0.4,4.91,104.2687
2016-11-30,189.15695190429688,-1.165809962259623,13.329999923706055,16.100000381469727,242.348,249.357,4.6,2.37,1.11,0.41,4.67,103.8589
2016-12-31,192.99151611328125,-1.2787508189765595,14.039999961853027,16.540000915527344,243.032,249.93,4.7,2.45,1.2,0.54,4.22,104.5712
2017-01-31,196.4449920654297,-0.8886230019473973,11.989999771118164,14.479999542236328,244.158,250.783,4.8,2.45,1.19,0.65,4.0,104.5548
2017-02-28,204.16360473632812,-0.2699257916501496,12.920000076293945,15.279999732971191,244.456,251.299,4.7,2.36,1.22,0.66,3.74,104.7361
2017-03-31,204.4188232421875,-2.145178471030018,12.369999885559082,13.600000381469727,243.752,250.993,4.5,2.4,1.27,0.79,3.92,104.0998
2017-04-30,206.44790649414062,-1.2612301855311148,10.819999694824219,12.930000305175781,244.158,251.172,4.4,2.29,1.28,0.9,3.81,105.1241
2017-05-31,209.36148071289062,-1.8643332038657534,10.40999984741211,12.630000114440918,243.846,251.329,4.3,2.21,1.28,0.91,3.74,105.0284
2017-06-30,210.69615173339844,-1.3610843840968667,11.180000305175781,13.140000343322754,243.79,251.627,4.4,2.31,1.38,1.04,3.77,105.16
2017-07-31,215.02682495117188,-0.9144538176874439,10.260000228881836,12.470000267028809,244.048,251.914,4.3,2.3,1.34,1.15,3.61,105.4757
2017-08-31,215.6542510986328,-2.0817225741401324,10.59000015258789,13.800000190734863,245.03,252.54,4.4,2.12,1.33,1.16,3.85,104.739
2017-09-30,219.99954223632812,-0.7181959628494106,9.510000228881836,12.489999771118164,246.373,252.86,4.2,2.33,1.47,1.15,3.56,104.6367
2017-10-31,225.18360900878906,-0.707899744485696,10.180000305175781,12.380000114440918,246.639,253.428,4.1,2.38,1.6,1.15,3.51,106.1469
2017-11-30,232.06658935546875,-1.0304224278023355,11.279999732971191,13.039999961853027,247.592,253.724,4.1,2.42,1.78,1.16,3.61,106.3969
2017-12-31,234.88104248046875,-0.4996296489974905,11.039999961853027,13.09000015258789,247.963,254.426,4.1,2.4,1.89,1.3,3.63,107.4637
2018-01-31,248.11875915527344,-1.681886564380386,13.539999961853027,14.899999618530273,249.245,255.287,4.1,2.72,2.14,1.41,3.29,107.2433
2018-02-28,239.09703063964844,-8.505587248271528,19.850000381469727,19.889999389648438,249.619,255.751,4.1,2.87,2.25,1.42,3.47,108.2189
2018-03-31,232.54330444335938,-7.095243222462955,19.969999313354492,20.549999237060547,249.462,256.2,4.1,2.74,2.27,1.51,3.72,107.1665
2018-04-30,233.74508666992188,-2.7405010954226205,15.930000305175781,17.34000015258789,250.013,256.45,3.9,2.95,2.49,1.69,3.46,107.3051
2018-05-31,239.42718505859375,-1.5912748958838208,15.430000305175781,16.329999923706055,250.535,256.889,3.8,2.83,2.4,1.7,3.63,107.3006
2018-06-30,240.80413818359375,-2.9975007517059837,16.09000015258789,17.139999389648438,250.857,257.305,4.0,2.85,2.52,1.82,3.71,107.714
2018-07-31,249.72512817382812,-1.4295094048550894,12.829999923706055,14.869999885559082,251.286,257.93,3.9,2.96,2.67,1.91,3.46,107.9989
2018-08-31,257.6962585449219,-1.3305848396286346,12.859999656677246,15.149999618530273,251.846,258.141,3.9,2.86,2.62,1.91,3.49,108.2317
2018-09-30,259.2283935546875,-0.8133329788939547,12.119999885559082,14.770000457763672,251.994,258.441,3.7,3.05,2.81,1.95,3.28,108.4822
2018-10-31,241.3146514892578,-9.553332656804603,21.229999542236328,21.149999618530273,252.827,258.939,3.7,3.15,2.87,2.19,3.81,109.0654
2018-11-30,245.790771484375,-6.320039071039751,18.06999969482422,18.889999389648438,252.876,259.481,3.7,3.01,2.8,2.2,4.29,109.3931
2018-12-31,224.1493682861328,-15.607434537356557,25.420000076293945,23.729999542236328,252.733,260.027,3.9,2.69,2.48,2.27,5.33,109.9487
2019-01-31,242.09597778320312,-2.386295833822394,16.56999969482422,17.8799991607666,252.673,260.701,4.0,2.63,2.45,2.4,4.37,109.4447
2019-02-28,249.9437713623047,-1.083842589590256,14.779999732971191,16.100000381469727,253.113,260.989,3.8,2.73,2.52,2.4,3.92,109.6678
2019-03-31,254.46788024902344,-2.125388576768228,13.710000038146973,15.800000190734863,254.148,261.374,3.8,2.41,2.27,2.41,4.05,110.2214
2019-04-30,264.8634338378906,-0.5124541550899697,13.119999885559082,15.229999542236328,254.958,261.735,3.6,2.51,2.27,2.42,3.73,109.1818
2019-05-31,247.97280883789062,-6.380310857666394,18.709999084472656,18.829999923706055,255.155,262.032,3.6,2.14,1.95,2.39,4.59,109.5645
2019-06-30,265.22833251953125,-1.3442708584406104,15.079999923706055,16.059999465942383,255.305,262.803,3.7,2.0,1.75,2.38,4.07,109.5965
2019-07-31,269.23846435546875,-1.5165001945690815,16.1200008392334,16.90999984741211,256.161,263.569,3.7,2.02,1.89,2.4,3.93,109.1756
2019-08-31,264.73052978515625,-3.7376471914619236,18.979999542236328,19.540000915527344,256.3,264.245,3.7,1.5,1.5,2.13,4.13,109.9206
2019-09-30,269.881591796875,-1.5021536545885783,16.239999771118164,17.959999084472656,256.358,264.595,3.5,1.68,1.63,2.04,4.02,109.5174
2019-10-31,275.8472900390625,-1.9772402636897946,13.220000267028809,16.049999237060547,257.271,265.011,3.6,1.69,1.52,1.83,4.15,108.6714
2019-11-30,285.83251953125,-0.5608890076251427,12.619999885559082,15.510000228881836,257.936,265.62,3.5,1.78,1.61,1.55,4.02,109.677
2019-12-31,294.1374206542969,-0.6707086213290636,13.779999732971191,15.869999885559082,258.501,265.921,3.5,1.92,1.58,1.55,3.6,109.433
2020-01-31,294.0186462402344,-3.078775028929781,18.84000015258789,18.6299991607666,258.82,266.476,3.6,1.51,1.33,1.55,4.03,109.2026
2020-02-29,270.7424621582031,-12.437161936821273,40.11000061035156,29.850000381469727,259.05,267.07,3.5,1.13,0.86,1.58,5.06,109.6035
2020-03-31,236.93443298339844,-28.31903798828108,53.540000915527344,48.31999969482422,257.953,266.795,4.4,0.7,0.23,0.65,8.77,103.6635
2020-04-30,267.021240234375,-4.7446255161954,34.150001525878906,35.04999923706055,255.902,265.601,14.7,0.64,0.2,0.05,7.63,92.5919
2020-05-31,279.74359130859375,-3.726489393795973,27.510000228881836,30.270000457763672,255.768,265.441,13.3,0.65,0.16,0.05,6.54,92.5503
2020-06-30,284.7046203613281,-6.989486546740653,30.43000030517578,32.52000045776367,257.214,266.065,11.1,0.66,0.16,0.08,6.44,97.4587
2020-07-31,301.4715270996094,-1.8295151818644384,24.459999084472656,29.709999084472656,258.723,267.715,10.2,0.55,0.11,0.09,5.16,100.1665
2020-08-31,322.51324462890625,-0.8254778194328627,26.40999984741211,31.850000381469727,259.681,268.747,8.4,0.72,0.14,0.1,5.02,101.3605
2020-09-30,310.4371643066406,-9.440444548430648,26.3700008392334,31.639999389648438,260.209,269.264,7.9,0.69,0.13,0.09,5.41,101.5055
2020-10-31,302.6969299316406,-7.346128373246996,38.02000045776367,36.27000045776367,260.325,269.296,6.9,0.88,0.14,0.09,5.32,103.2054
2020-11-30,335.6232604980469,-1.9968501420341678,20.56999969482422,24.329999923706055,260.817,269.887,6.7,0.84,0.16,0.09,4.33,103.9818
2020-12-31,348.0576171875,-1.4885030729146709,22.75,25.280000686645508,261.775,270.117,6.7,0.93,0.13,0.09,3.86,105.7244
2021-01-31,344.5107421875,-3.7253717372253026,33.09000015258789,33.880001068115234,262.231,270.025,6.3,1.11,0.11,0.09,3.84,107.1843
2021-02-28,354.0900573730469,-3.1275347171982992,27.950000762939453,29.600000381469727,263.161,270.299,6.2,1.44,0.14,0.08,3.57,104.6526
2021-03-31,370.1654052734375,-3.3061299843588965,19.399999618530273,22.149999618530273,264.793,271.214,6.0,1.74,0.16,0.07,3.36,105.583
2021-04-30,389.7510681152344,-1.2198535975215252,18.610000610351562,22.06999969482422,266.832,273.7,6.1,1.65,0.16,0.07,3.28,106.3127
2021-05-31,392.3102111816406,-3.958586806067832,16.760000228881836,20.479999542236328,268.551,275.718,5.8,1.58,0.14,0.06,3.34,99.8562
2021-06-30,401.1087341308594,-2.112243293841909,15.829999923706055,19.510000228881836,270.981,278.14,5.9,1.45,0.25,0.08,3.04,100.0951
2021-07-31,410.9007873535156,-2.7706444057772006,18.239999771118164,22.18000030517578,272.265,279.054,5.4,1.24,0.19,0.1,3.32,101.1148
2021-08-31,423.1291809082031,-1.7428605112647322,16.479999542236328,20.420000076293945,273.012,279.338,5.2,1.3,0.2,0.09,3.21,101.5949
2021-09-30,403.4090576171875,-5.003447682363349,23.139999389648438,23.8700008392334,274.138,280.017,4.8,1.52,0.28,0.08,3.15,100.0178
2021-10-31,431.713623046875,-1.289615440427161,16.260000228881836,20.3700008392334,276.724,281.695,4.6,1.55,0.48,0.08,3.15,101.611
2021-11-30,428.2448425292969,-3.0166399536229016,27.190000534057617,28.1299991607666,278.88,283.201,4.2,1.43,0.52,0.08,3.67,102.2852
2021-12-31,448.05023193359375,-3.0083611947874234,17.219999313354492,21.8799991607666,280.192,284.759,3.9,1.52,0.73,0.08,3.1,101.8926
2022-01-31,424.4195251464844,-9.727653072785236,24.829999923706055,26.850000381469727,281.933,286.431,4.0,1.79,1.18,0.08,3.63,103.4677
2022-02-28,411.89190673828125,-7.778553335114157,30.149999618530273,29.649999618530273,284.182,287.878,3.8,1.83,1.44,0.08,3.77,103.5811
2022-03-31,427.37506103515625,-4.941879042005793,20.559999465942383,24.459999084472656,287.708,288.811,3.6,2.32,2.28,0.2,3.43,104.5853
2022-04-30,389.86474609375,-9.807363269081081,33.400001525878906,33.18000030517578,288.663,290.455,3.6,2.89,2.7,0.33,3.97,105.5973
2022-05-31,390.74481201171875,-9.229492699193987,26.190000534057617,27.989999771118164,291.474,292.289,3.6,2.85,2.53,0.77,4.22,105.7475
2022-06-30,358.5238342285156,-12.156507925224581,28.709999084472656,29.709999084472656,295.328,294.354,3.6,2.98,2.92,1.21,5.87,104.3648
2022-07-31,391.53936767578125,-2.8484011666782827,21.329999923706055,23.790000915527344,295.271,295.275,3.5,2.67,2.89,1.68,4.83,104.8075
2022-08-31,375.5638122558594,-8.033500938162575,25.8700008392334,26.649999618530273,295.62,296.95,3.7,3.15,3.45,2.33,5.03,104.5464
2022-09-30,340.84442138671875,-12.731556000062504,31.6200008392334,31.860000610351562,296.761,298.66,3.5,3.83,4.22,2.56,5.43,105.1762
2022-10-31,368.5467529296875,-5.664470745112904,25.8799991607666,26.920000076293945,298.062,299.471,3.7,4.1,4.51,3.08,4.63,104.6894
2022-11-30,389.034912109375,-3.513478717359453,20.579999923706055,23.530000686645508,298.349,300.066,3.7,3.68,4.38,3.78,4.55,104.5175
2022-12-31,366.6155090332031,-7.11630773945725,21.670000076293945,24.290000915527344,298.112,300.974,3.5,3.88,4.41,4.1,4.81,103.4332
2023-01-31,389.6709899902344,-2.4742727748113036,19.399999618530273,20.809999465942383,300.536,302.702,3.4,3.52,4.21,4.33,4.3,102.9525
2023-02-28,379.8735656738281,-4.9234549494397095,20.700000762939453,21.31999969482422,301.648,304.07,3.6,3.92,4.81,4.57,4.22,102.646
2023-03-31,393.95843505859375,-4.724704811217862,18.700000762939453,21.229999542236328,301.808,305.24,3.5,3.48,4.06,4.65,4.58,103.0258
2023-04-30,400.2519226074219,-2.3780245932634614,15.779999732971191,19.540000915527344,302.918,306.489,3.4,3.44,4.04,4.83,4.53,103.0398
2023-05-31,402.099609375,-2.4981428709791254,17.940000534057617,20.209999084472656,303.294,307.824,3.7,3.64,4.4,5.06,4.69,103.0107
2023-06-30,428.15545654296875,-2.1593693404247327,13.59000015258789,16.020000457763672,303.841,308.309,3.6,3.81,4.87,5.08,4.05,102.2468
2023-07-31,442.17047119140625,-1.1807254494376695,13.630000114440918,16.010000228881836,304.348,308.801,3.5,3.97,4.88,5.12,3.79,102.8957
2023-08-31,434.9842834472656,-4.422969412383903,13.569999694824219,15.920000076293945,306.269,309.661,3.8,4.09,4.85,5.33,3.85,103.4886
2023-09-30,414.3510437011719,-5.276659889660829,17.520000457763672,18.510000228881836,307.481,310.661,3.8,4.59,5.03,5.33,4.03,103.6115
2023-10-31,405.3560485839844,-5.8764295117673,18.139999389648438,19.489999771118164,307.619,311.365,3.9,4.88,5.07,5.33,4.42,102.7081
2023-11-30,442.38287353515625,-0.7798662506266263,12.920000076293945,15.4399995803833,307.917,312.251,3.7,4.37,4.73,5.33,3.84,102.6651
2023-12-31,462.5799560546875,-1.385718430061067,12.449999809265137,15.260000228881836,308.85,313.216,3.7,3.88,4.23,5.33,3.39,102.484
2024-01-31,469.947265625,-1.7078098507856576,14.350000381469727,15.960000038146973,309.685,314.438,3.7,3.99,4.27,5.33,3.59,102.5739
2024-02-29,494.4723205566406,-1.420580847878894,13.399999618530273,14.930000305175781,311.054,315.565,3.9,4.25,4.64,5.33,3.29,102.3313
2024-03-31,510.6424560546875,-1.1055773579478845,13.010000228881836,15.1899995803833,312.23,316.698,3.8,4.2,4.59,5.33,3.15,102.6577
2024-04-30,490.0535888671875,-5.17082462713776,15.649999618530273,16.59000015258789,313.207,317.622,3.9,4.69,5.04,5.33,3.18,102.7623
2024-05-31,514.8403930664062,-1.64668951887178,12.920000076293945,14.65999984741211,313.225,318.14,4.0,4.51,4.89,5.33,3.2,103.3284
2024-06-30,533.0039672851562,-0.7290932402229,12.4399995803833,14.520000457763672,313.049,318.346,4.1,4.36,4.71,5.33,3.21,103.9941
2024-07-31,539.4581298828125,-4.682569400880454,16.360000610351562,16.969999313354492,313.534,318.872,4.3,4.09,4.29,5.33,3.25,102.8887
2024-08-31,552.0629272460938,-4.71999083701945,15.0,17.43000030517578,314.121,319.768,4.2,3.91,3.91,5.33,3.17,103.1389
2024-09-30,563.6587524414062,-2.1228911794765493,16.729999542236328,19.219999313354492,314.686,320.767,4.1,3.81,3.66,5.13,3.03,102.6418
2024-10-31,558.6289672851562,-2.728406711614395,23.15999984741211,22.639999389648438,315.454,321.666,4.1,4.28,4.16,4.83,2.88,102.2805
2024-11-30,591.9419555664062,-2.1728115799167336,13.510000228881836,16.260000228881836,316.441,322.657,4.2,4.18,4.13,4.64,2.74,101.9621
2024-12-31,577.6997680664062,-3.571854600220936,17.350000381469727,18.979999542236328,317.685,323.383,4.1,4.58,4.25,4.48,2.92,103.1942
2025-01-31,593.2147216796875,-2.497654162257712,16.43000030517578,18.43000030517578,319.086,324.739,4.0,4.58,4.22,4.33,2.68,103.511
2025-02-28,585.6839599609375,-4.548649194996535,19.6299991607666,20.18000030517578,319.775,325.475,4.1,4.24,3.99,4.33,2.87,104.2062
2025-03-31,553.050048828125,-5.541569621348774,22.280000686645508,21.969999313354492,319.615,325.659,4.2,4.23,3.89,4.33,3.55,103.8892
2025-04-30,548.2550048828125,-12.052717166050432,24.700000762939453,25.540000915527344,320.321,326.43,4.2,4.17,3.6,4.33,3.94,103.8799
2025-05-31,582.7101440429688,-2.646041269613275,18.56999969482422,21.3799991607666,320.58,326.854,4.2,4.41,3.89,4.33,3.32,103.5948
2025-06-30,612.6533203125,-1.2775200621612304,16.729999542236328,19.440000534057617,321.5,327.6,4.1,4.24,3.72,4.33,2.96,104.0071
2025-07-31,626.763671875,-0.799574935444014,16.719999313354492,19.139999389648438,322.132,328.656,4.2,4.37,3.94,4.33,2.86,103.9867
2025-08-31,639.6245727539062,-1.4574654819094923,15.359999656677246,18.350000381469727,323.364,329.793,4.3,4.23,3.59,4.33,2.84,103.9203
2025-09-30,662.4082641601562,-1.3181574625616088,16.280000686645508,18.770000457763672,324.368,330.542,4.4,4.16,3.6,4.22,2.8,101.4279
2025-10-31,678.1983642578125,-2.9846536434430915,17.440000534057617,20.489999771118164,324.368,330.542,4.4,4.11,3.6,4.09,2.94,101.616
2025-11-30,679.5208129882812,-4.514319723534477,16.350000381469727,19.639999389648438,325.031,331.068,4.6,4.02,3.47,3.88,2.92,101.7935
2025-12-31,680.062744140625,-2.5784613970496584,14.949999809265137,18.18000030517578,326.03,331.86,4.4,4.18,3.47,3.72,2.81,102.325
2026-01-31,690.0853271484375,-2.528912096608693,17.440000534057617,20.06999969482422,326.588,332.793,4.3,4.26,3.52,3.64,2.88,102.3412
2026-02-28,684.1216430664062,-2.5581985618389314,19.860000610351562,21.559999465942383,327.46,333.512,4.4,3.97,3.38,3.64,3.12,102.551
